id,intent
test-0,40
test-1,141
test-2,141
test-3,40
test-4,40
test-5,40
test-6,85
test-7,85
test-8,85
test-9,46
test-10,75
test-11,75
test-12,56
test-13,56
test-14,0
test-15,59
test-16,59
test-17,59
test-18,1
test-19,101
test-20,101
test-21,101
test-22,46
test-23,0
test-24,0
test-25,0
test-26,0
test-27,0
test-28,40
test-29,40
test-30,40
test-31,40
test-32,40
test-33,40
test-34,40
test-35,40
test-36,40
test-37,40
test-38,40
test-39,40
test-40,40
test-41,40
test-42,40
test-43,40
test-44,40
test-45,0
test-46,0
test-47,0
test-48,85
test-49,85
test-50,8
test-51,46
test-52,111
test-53,45
test-54,83
test-55,50
test-56,50
test-57,43
test-58,0
test-59,0
test-60,40
test-61,40
test-62,101
test-63,101
test-64,40
test-65,40
test-66,40
test-67,40
test-68,40
test-69,40
test-70,40
test-71,40
test-72,40
test-73,40
test-74,40
test-75,40
test-76,40
test-77,40
test-78,40
test-79,40
test-80,40
test-81,40
test-82,40
test-83,40
test-84,40
test-85,40
test-86,40
test-87,40
test-88,40
test-89,40
test-90,40
test-91,40
test-92,40
test-93,40
test-94,40
test-95,40
test-96,40
test-97,40
test-98,40
test-99,40
test-100,40
test-101,40
test-102,40
test-103,40
test-104,40
test-105,0
test-106,0
test-107,0
test-108,85
test-109,85
test-110,46
test-111,46
test-112,75
test-113,44
test-114,56
test-115,56
test-116,0
test-117,82
test-118,59
test-119,88
test-120,88
test-121,101
test-122,101
test-123,46
test-124,0
test-125,0
test-126,0
test-127,0
test-128,40
test-129,40
test-130,40
test-131,40
test-132,40
test-133,40
test-134,40
test-135,40
test-136,40
test-137,40
test-138,40
test-139,40
test-140,40
test-141,40
test-142,40
test-143,40
test-144,40
test-145,40
test-146,40
test-147,40
test-148,40
test-149,40
test-150,40
test-151,40
test-152,40
test-153,40
test-154,40
test-155,40
test-156,40
test-157,40
test-158,40
test-159,40
test-160,40
test-161,40
test-162,40
test-163,40
test-164,40
test-165,40
test-166,40
test-167,40
test-168,40
test-169,40
test-170,40
test-171,85
test-172,141
test-173,90
test-174,0
test-175,0
test-176,111
test-177,85
test-178,85
test-179,8
test-180,8
test-181,111
test-182,149
test-183,50
test-184,50
test-185,149
test-186,5
test-187,5
test-188,29
test-189,56
test-190,101
test-191,101
test-192,40
test-193,40
test-194,40
test-195,40
test-196,40
test-197,40
test-198,40
test-199,141
test-200,0
test-201,0
test-202,111
test-203,111
test-204,85
test-205,141
test-206,110
test-207,134
test-208,104
test-209,32
test-210,53
test-211,5
test-212,5
test-213,29
test-214,33
test-215,40
test-216,40
test-217,40
test-218,101
test-219,0
test-220,0
test-221,0
test-222,0
test-223,0
test-224,40
test-225,40
test-226,40
test-227,40
test-228,40
test-229,40
test-230,40
test-231,40
test-232,40
test-233,40
test-234,40
test-235,40
test-236,40
test-237,40
test-238,40
test-239,40
test-240,40
test-241,40
test-242,40
test-243,40
test-244,40
test-245,40
test-246,40
test-247,40
test-248,40
test-249,40
test-250,40
test-251,40
test-252,40
test-253,40
test-254,85
test-255,101
test-256,40
test-257,40
test-258,40
test-259,40
test-260,40
test-261,40
test-262,40
test-263,85
test-264,85
test-265,85
test-266,46
test-267,75
test-268,111
test-269,56
test-270,56
test-271,141
test-272,8
test-273,98
test-274,32
test-275,85
test-276,85
test-277,40
test-278,40
test-279,40
test-280,85
test-281,0
test-282,0
test-283,0
test-284,0
test-285,0
test-286,40
test-287,40
test-288,40
test-289,40
test-290,40
test-291,40
test-292,40
test-293,40
test-294,40
test-295,40
test-296,40
test-297,40
test-298,40
test-299,40
test-300,40
test-301,40
test-302,40
test-303,40
test-304,40
test-305,40
test-306,40
test-307,40
test-308,40
test-309,40
test-310,40
test-311,40
test-312,40
test-313,40
test-314,40
test-315,40
test-316,40
test-317,40
test-318,85
test-319,101
test-320,0
test-321,111
test-322,82
test-323,82
test-324,59
test-325,118
test-326,118
test-327,1
test-328,101
test-329,101
test-330,101
test-331,101
test-332,0
test-333,0
test-334,0
test-335,0
test-336,0
test-337,40
test-338,40
test-339,40
test-340,40
test-341,40
test-342,40
test-343,40
test-344,40
test-345,40
test-346,40
test-347,40
test-348,40
test-349,40
test-350,40
test-351,40
test-352,40
test-353,40
test-354,40
test-355,40
test-356,40
test-357,40
test-358,40
test-359,40
test-360,40
test-361,40
test-362,40
test-363,40
test-364,40
test-365,40
test-366,40
test-367,40
test-368,40
test-369,40
test-370,40
test-371,40
test-372,40
test-373,40
test-374,40
test-375,40
test-376,40
test-377,40
test-378,40
test-379,40
test-380,40
test-381,40
test-382,85
test-383,101
test-384,40
test-385,40
test-386,40
test-387,40
test-388,40
test-389,40
test-390,40
test-391,40
test-392,40
test-393,40
test-394,40
test-395,40
test-396,40
test-397,40
test-398,40
test-399,40
test-400,40
test-401,40
test-402,40
test-403,40
test-404,40
test-405,40
test-406,40
test-407,40
test-408,40
test-409,40
test-410,40
test-411,40
test-412,40
test-413,40
test-414,40
test-415,40
test-416,40
test-417,40
test-418,40
test-419,40
test-420,40
test-421,40
test-422,40
test-423,40
test-424,85
test-425,141
test-426,0
test-427,0
test-428,111
test-429,111
test-430,85
test-431,141
test-432,110
test-433,134
test-434,104
test-435,32
test-436,53
test-437,5
test-438,5
test-439,29
test-440,33
test-441,40
test-442,40
test-443,40
test-444,40
test-445,85
test-446,0
test-447,0
test-448,40
test-449,40
test-450,40
test-451,40
test-452,40
test-453,40
test-454,40
test-455,40
test-456,40
test-457,40
test-458,40
test-459,40
test-460,40
test-461,85
test-462,141
test-463,0
test-464,0
test-465,111
test-466,85
test-467,85
test-468,141
test-469,46
test-470,102
test-471,32
test-472,32
test-473,59
test-474,92
test-475,5
test-476,148
test-477,33
test-478,33
test-479,40
test-480,40
test-481,101
test-482,101
test-483,0
test-484,0
test-485,0
test-486,0
test-487,0
test-488,40
test-489,40
test-490,40
test-491,40
test-492,40
test-493,40
test-494,40
test-495,40
test-496,40
test-497,40
test-498,40
test-499,40
test-500,40
test-501,40
test-502,40
test-503,40
test-504,40
test-505,40
test-506,40
test-507,40
test-508,40
test-509,40
test-510,85
test-511,101
test-512,40
test-513,40
test-514,40
test-515,40
test-516,40
test-517,40
test-518,40
test-519,40
test-520,40
test-521,40
test-522,40
test-523,40
test-524,40
test-525,40
test-526,40
test-527,40
test-528,40
test-529,40
test-530,40
test-531,40
test-532,40
test-533,0
test-534,85
test-535,9
test-536,46
test-537,111
test-538,132
test-539,110
test-540,50
test-541,50
test-542,0
test-543,0
test-544,40
test-545,40
test-546,40
test-547,40
test-548,40
test-549,40
test-550,40
test-551,40
test-552,40
test-553,40
test-554,40
test-555,40
test-556,40
test-557,40
test-558,40
test-559,40
test-560,40
test-561,40
test-562,85
test-563,85
test-564,0
test-565,40
test-566,40
test-567,141
test-568,141
test-569,90
test-570,102
test-571,148
test-572,32
test-573,92
test-574,92
test-575,65
test-576,40
test-577,40
test-578,40
test-579,40
test-580,40
test-581,40
test-582,40
test-583,40
test-584,40
test-585,40
test-586,40
test-587,40
test-588,85
test-589,85
test-590,40
test-591,40
test-592,40
test-593,70
test-594,141
test-595,141
test-596,110
test-597,134
test-598,53
test-599,122
test-600,53
test-601,148
test-602,148
test-603,148
test-604,26
test-605,55
test-606,55
test-607,101
test-608,101
test-609,40
test-610,0
test-611,0
test-612,0
test-613,0
test-614,0
test-615,40
test-616,40
test-617,40
test-618,40
test-619,40
test-620,40
test-621,40
test-622,40
test-623,40
test-624,40
test-625,40
test-626,40
test-627,40
test-628,40
test-629,40
test-630,40
test-631,40
test-632,40
test-633,40
test-634,40
test-635,40
test-636,40
test-637,40
test-638,85
test-639,101
test-640,83
test-641,56
test-642,56
test-643,0
test-644,112
test-645,42
test-646,42
test-647,45
test-648,15
test-649,50
test-650,9
test-651,43
test-652,0
test-653,0
test-654,90
test-655,40
test-656,40
test-657,40
test-658,40
test-659,40
test-660,40
test-661,40
test-662,0
test-663,0
test-664,40
test-665,40
test-666,40
test-667,40
test-668,40
test-669,40
test-670,40
test-671,40
test-672,40
test-673,40
test-674,40
test-675,40
test-676,40
test-677,40
test-678,40
test-679,40
test-680,40
test-681,40
test-682,40
test-683,40
test-684,40
test-685,40
test-686,40
test-687,40
test-688,40
test-689,40
test-690,40
test-691,40
test-692,40
test-693,40
test-694,40
test-695,40
test-696,40
test-697,40
test-698,40
test-699,40
test-700,40
test-701,40
test-702,85
test-703,101
test-704,40
test-705,40
test-706,40
test-707,40
test-708,40
test-709,40
test-710,40
test-711,40
test-712,40
test-713,40
test-714,40
test-715,40
test-716,40
test-717,40
test-718,40
test-719,40
test-720,40
test-721,40
test-722,40
test-723,40
test-724,40
test-725,40
test-726,40
test-727,40
test-728,40
test-729,40
test-730,85
test-731,90
test-732,0
test-733,0
test-734,0
test-735,85
test-736,85
test-737,8
test-738,46
test-739,111
test-740,111
test-741,25
test-742,56
test-743,32
test-744,8
test-745,42
test-746,32
test-747,32
test-748,15
test-749,15
test-750,125
test-751,43
test-752,43
test-753,0
test-754,40
test-755,40
test-756,40
test-757,40
test-758,40
test-759,40
test-760,40
test-761,85
test-762,0
test-763,0
test-764,40
test-765,40
test-766,85
test-767,101
test-768,40
test-769,40
test-770,40
test-771,40
test-772,40
test-773,40
test-774,40
test-775,40
test-776,40
test-777,40
test-778,40
test-779,40
test-780,40
test-781,40
test-782,40
test-783,40
test-784,40
test-785,40
test-786,40
test-787,40
test-788,40
test-789,40
test-790,40
test-791,40
test-792,40
test-793,40
test-794,40
test-795,40
test-796,40
test-797,40
test-798,40
test-799,40
test-800,40
test-801,40
test-802,40
test-803,40
test-804,40
test-805,85
test-806,90
test-807,0
test-808,0
test-809,0
test-810,85
test-811,85
test-812,9
test-813,46
test-814,75
test-815,111
test-816,56
test-817,56
test-818,32
test-819,81
test-820,85
test-821,85
test-822,101
test-823,15
test-824,15
test-825,9
test-826,8
test-827,43
test-828,43
test-829,0
test-830,68
test-831,90
test-832,5
test-833,75
test-834,110
test-835,56
test-836,0
test-837,0
test-838,112
test-839,26
test-840,26
test-841,26
test-842,1
test-843,101
test-844,101
test-845,101
test-846,0
test-847,0
test-848,0
test-849,0
test-850,0
test-851,40
test-852,141
test-853,141
test-854,90
test-855,102
test-856,148
test-857,32
test-858,92
test-859,5
test-860,5
test-861,29
test-862,91
test-863,40
test-864,40
test-865,40
test-866,40
test-867,40
test-868,0
test-869,0
test-870,0
test-871,40
test-872,40
test-873,40
test-874,40
test-875,40
test-876,40
test-877,40
test-878,40
test-879,40
test-880,40
test-881,40
test-882,40
test-883,40
test-884,40
test-885,40
test-886,40
test-887,40
test-888,40
test-889,40
test-890,40
test-891,40
test-892,40
test-893,40
test-894,85
test-895,101
test-896,40
test-897,40
test-898,40
test-899,40
test-900,40
test-901,40
test-902,40
test-903,40
test-904,40
test-905,40
test-906,40
test-907,40
test-908,40
test-909,40
test-910,40
test-911,40
test-912,40
test-913,40
test-914,40
test-915,40
test-916,40
test-917,40
test-918,40
test-919,40
test-920,40
test-921,40
test-922,40
test-923,85
test-924,85
test-925,0
test-926,40
test-927,40
test-928,141
test-929,141
test-930,90
test-931,102
test-932,148
test-933,32
test-934,92
test-935,5
test-936,5
test-937,29
test-938,91
test-939,40
test-940,40
test-941,40
test-942,40
test-943,40
test-944,0
test-945,0
test-946,0
test-947,40
test-948,40
test-949,40
test-950,40
test-951,40
test-952,40
test-953,40
test-954,40
test-955,40
test-956,40
test-957,40
test-958,85
test-959,101
test-960,40
test-961,40
test-962,141
test-963,90
test-964,40
test-965,0
test-966,0
test-967,85
test-968,85
test-969,8
test-970,46
test-971,111
test-972,111
test-973,25
test-974,56
test-975,32
test-976,8
test-977,111
test-978,32
test-979,32
test-980,6
test-981,15
test-982,0
test-983,0
test-984,43
test-985,0
test-986,0
test-987,40
test-988,40
test-989,40
test-990,40
test-991,40
test-992,40
test-993,40
test-994,0
test-995,0
test-996,0
test-997,40
test-998,40
test-999,40
test-1000,40
test-1001,40
test-1002,40
test-1003,40
test-1004,40
test-1005,40
test-1006,40
test-1007,40
test-1008,40
test-1009,40
test-1010,40
test-1011,40
test-1012,40
test-1013,40
test-1014,40
test-1015,40
test-1016,40
test-1017,40
test-1018,40
test-1019,40
test-1020,40
test-1021,40
test-1022,85
test-1023,101
test-1024,40
test-1025,40
test-1026,40
test-1027,40
test-1028,40
test-1029,40
test-1030,40
test-1031,40
test-1032,40
test-1033,40
test-1034,40
test-1035,40
test-1036,40
test-1037,40
test-1038,40
test-1039,40
test-1040,40
test-1041,40
test-1042,40
test-1043,40
test-1044,40
test-1045,40
test-1046,40
test-1047,40
test-1048,40
test-1049,40
test-1050,40
test-1051,40
test-1052,85
test-1053,90
test-1054,0
test-1055,0
test-1056,0
test-1057,85
test-1058,85
test-1059,9
test-1060,46
test-1061,75
test-1062,111
test-1063,56
test-1064,56
test-1065,32
test-1066,81
test-1067,32
test-1068,1
test-1069,101
test-1070,101
test-1071,15
test-1072,9
test-1073,8
test-1074,8
test-1075,43
test-1076,0
test-1077,71
test-1078,40
test-1079,40
test-1080,40
test-1081,40
test-1082,40
test-1083,40
test-1084,40
test-1085,85
test-1086,85
test-1087,85
test-1088,40
test-1089,40
test-1090,40
test-1091,40
test-1092,40
test-1093,40
test-1094,40
test-1095,40
test-1096,40
test-1097,40
test-1098,40
test-1099,40
test-1100,40
test-1101,40
test-1102,40
test-1103,40
test-1104,40
test-1105,40
test-1106,40
test-1107,40
test-1108,40
test-1109,40
test-1110,40
test-1111,40
test-1112,40
test-1113,40
test-1114,40
test-1115,40
test-1116,40
test-1117,40
test-1118,40
test-1119,40
test-1120,40
test-1121,40
test-1122,40
test-1123,40
test-1124,40
test-1125,40
test-1126,85
test-1127,90
test-1128,0
test-1129,0
test-1130,0
test-1131,85
test-1132,85
test-1133,9
test-1134,46
test-1135,75
test-1136,111
test-1137,56
test-1138,56
test-1139,32
test-1140,81
test-1141,85
test-1142,85
test-1143,88
test-1144,101
test-1145,15
test-1146,9
test-1147,8
test-1148,8
test-1149,0
test-1150,0
test-1151,68
test-1152,40
test-1153,40
test-1154,40
test-1155,40
test-1156,40
test-1157,40
test-1158,40
test-1159,40
test-1160,40
test-1161,40
test-1162,40
test-1163,40
test-1164,40
test-1165,40
test-1166,40
test-1167,40
test-1168,40
test-1169,40
test-1170,40
test-1171,40
test-1172,40
test-1173,40
test-1174,40
test-1175,40
test-1176,40
test-1177,0
test-1178,0
test-1179,40
test-1180,85
test-1181,85
test-1182,101
test-1183,46
test-1184,75
test-1185,44
test-1186,56
test-1187,56
test-1188,0
test-1189,39
test-1190,32
test-1191,32
test-1192,85
test-1193,85
test-1194,46
test-1195,46
test-1196,0
test-1197,0
test-1198,0
test-1199,0
test-1200,0
test-1201,0
test-1202,40
test-1203,40
test-1204,40
test-1205,40
test-1206,40
test-1207,40
test-1208,40
test-1209,40
test-1210,40
test-1211,40
test-1212,40
test-1213,40
test-1214,85
test-1215,101
test-1216,40
test-1217,40
test-1218,40
test-1219,40
test-1220,40
test-1221,40
test-1222,40
test-1223,40
test-1224,40
test-1225,40
test-1226,0
test-1227,40
test-1228,40
test-1229,85
test-1230,85
test-1231,40
test-1232,111
test-1233,147
test-1234,141
test-1235,90
test-1236,53
test-1237,134
test-1238,53
test-1239,53
test-1240,26
test-1241,26
test-1242,29
test-1243,101
test-1244,101
test-1245,101
test-1246,40
test-1247,0
test-1248,0
test-1249,0
test-1250,0
test-1251,0
test-1252,141
test-1253,0
test-1254,0
test-1255,40
test-1256,85
test-1257,85
test-1258,141
test-1259,8
test-1260,110
test-1261,134
test-1262,53
test-1263,102
test-1264,53
test-1265,26
test-1266,29
test-1267,29
test-1268,29
test-1269,40
test-1270,40
test-1271,101
test-1272,85
test-1273,0
test-1274,0
test-1275,0
test-1276,0
test-1277,85
test-1278,85
test-1279,101
test-1280,40
test-1281,40
test-1282,40
test-1283,40
test-1284,40
test-1285,40
test-1286,40
test-1287,40
test-1288,40
test-1289,40
test-1290,40
test-1291,40
test-1292,40
test-1293,40
test-1294,40
test-1295,40
test-1296,40
test-1297,40
test-1298,40
test-1299,40
test-1300,40
test-1301,40
test-1302,40
test-1303,40
test-1304,40
test-1305,40
test-1306,40
test-1307,40
test-1308,40
test-1309,40
test-1310,40
test-1311,0
test-1312,0
test-1313,40
test-1314,85
test-1315,85
test-1316,46
test-1317,46
test-1318,75
test-1319,110
test-1320,56
test-1321,0
test-1322,0
test-1323,112
test-1324,26
test-1325,26
test-1326,5
test-1327,1
test-1328,101
test-1329,101
test-1330,101
test-1331,0
test-1332,0
test-1333,0
test-1334,0
test-1335,0
test-1336,40
test-1337,40
test-1338,40
test-1339,40
test-1340,40
test-1341,40
test-1342,85
test-1343,85
test-1344,40
test-1345,40
test-1346,40
test-1347,85
test-1348,101
test-1349,46
test-1350,75
test-1351,111
test-1352,56
test-1353,56
test-1354,141
test-1355,8
test-1356,98
test-1357,32
test-1358,85
test-1359,85
test-1360,40
test-1361,40
test-1362,40
test-1363,85
test-1364,0
test-1365,0
test-1366,0
test-1367,0
test-1368,0
test-1369,40
test-1370,40
test-1371,40
test-1372,40
test-1373,40
test-1374,40
test-1375,40
test-1376,40
test-1377,40
test-1378,40
test-1379,40
test-1380,40
test-1381,40
test-1382,40
test-1383,40
test-1384,40
test-1385,40
test-1386,40
test-1387,40
test-1388,40
test-1389,40
test-1390,40
test-1391,40
test-1392,40
test-1393,40
test-1394,40
test-1395,40
test-1396,40
test-1397,40
test-1398,40
test-1399,40
test-1400,40
test-1401,40
test-1402,40
test-1403,40
test-1404,40
test-1405,40
test-1406,85
test-1407,101
test-1408,40
test-1409,40
test-1410,40
test-1411,40
test-1412,40
test-1413,40
test-1414,40
test-1415,40
test-1416,40
test-1417,40
test-1418,40
test-1419,40
test-1420,40
test-1421,40
test-1422,40
test-1423,40
test-1424,40
test-1425,40
test-1426,40
test-1427,40
test-1428,40
test-1429,40
test-1430,40
test-1431,40
test-1432,40
test-1433,40
test-1434,40
test-1435,40
test-1436,40
test-1437,40
test-1438,40
test-1439,40
test-1440,40
test-1441,85
test-1442,90
test-1443,0
test-1444,0
test-1445,0
test-1446,85
test-1447,85
test-1448,9
test-1449,46
test-1450,75
test-1451,111
test-1452,56
test-1453,56
test-1454,32
test-1455,81
test-1456,59
test-1457,85
test-1458,88
test-1459,101
test-1460,15
test-1461,9
test-1462,9
test-1463,8
test-1464,0
test-1465,0
test-1466,0
test-1467,40
test-1468,40
test-1469,40
test-1470,101
test-1471,101
test-1472,40
test-1473,40
test-1474,40
test-1475,40
test-1476,40
test-1477,40
test-1478,40
test-1479,40
test-1480,40
test-1481,40
test-1482,40
test-1483,40
test-1484,40
test-1485,40
test-1486,40
test-1487,40
test-1488,40
test-1489,85
test-1490,90
test-1491,0
test-1492,0
test-1493,111
test-1494,85
test-1495,85
test-1496,9
test-1497,46
test-1498,75
test-1499,111
test-1500,56
test-1501,56
test-1502,32
test-1503,81
test-1504,32
test-1505,111
test-1506,82
test-1507,59
test-1508,82
test-1509,85
test-1510,85
test-1511,1
test-1512,101
test-1513,40
test-1514,40
test-1515,85
test-1516,85
test-1517,9
test-1518,46
test-1519,75
test-1520,111
test-1521,56
test-1522,141
test-1523,141
test-1524,64
test-1525,28
test-1526,85
test-1527,88
test-1528,46
test-1529,46
test-1530,46
test-1531,9
test-1532,8
test-1533,0
test-1534,0
test-1535,0
test-1536,40
test-1537,40
test-1538,40
test-1539,40
test-1540,40
test-1541,40
test-1542,40
test-1543,40
test-1544,40
test-1545,40
test-1546,40
test-1547,40
test-1548,40
test-1549,40
test-1550,40
test-1551,40
test-1552,40
test-1553,40
test-1554,40
test-1555,40
test-1556,40
test-1557,40
test-1558,40
test-1559,40
test-1560,40
test-1561,40
test-1562,40
test-1563,40
test-1564,40
test-1565,40
test-1566,40
test-1567,40
test-1568,40
test-1569,40
test-1570,40
test-1571,40
test-1572,40
test-1573,40
test-1574,40
test-1575,40
test-1576,141
test-1577,90
test-1578,0
test-1579,0
test-1580,111
test-1581,85
test-1582,85
test-1583,8
test-1584,8
test-1585,75
test-1586,49
test-1587,50
test-1588,149
test-1589,68
test-1590,5
test-1591,29
test-1592,56
test-1593,40
test-1594,40
test-1595,40
test-1596,40
test-1597,0
test-1598,0
test-1599,0
test-1600,40
test-1601,40
test-1602,40
test-1603,40
test-1604,40
test-1605,40
test-1606,40
test-1607,40
test-1608,40
test-1609,40
test-1610,40
test-1611,40
test-1612,40
test-1613,40
test-1614,40
test-1615,40
test-1616,40
test-1617,40
test-1618,40
test-1619,40
test-1620,40
test-1621,40
test-1622,40
test-1623,40
test-1624,40
test-1625,40
test-1626,40
test-1627,40
test-1628,40
test-1629,40
test-1630,40
test-1631,40
test-1632,40
test-1633,40
test-1634,40
test-1635,40
test-1636,85
test-1637,90
test-1638,0
test-1639,0
test-1640,0
test-1641,85
test-1642,85
test-1643,8
test-1644,46
test-1645,111
test-1646,111
test-1647,56
test-1648,56
test-1649,32
test-1650,39
test-1651,45
test-1652,85
test-1653,101
test-1654,101
test-1655,46
test-1656,9
test-1657,8
test-1658,8
test-1659,0
test-1660,0
test-1661,0
test-1662,141
test-1663,90
test-1664,40
test-1665,40
test-1666,40
test-1667,40
test-1668,40
test-1669,40
test-1670,40
test-1671,40
test-1672,40
test-1673,40
test-1674,40
test-1675,40
test-1676,40
test-1677,40
test-1678,40
test-1679,40
test-1680,40
test-1681,40
test-1682,40
test-1683,40
test-1684,40
test-1685,40
test-1686,40
test-1687,40
test-1688,85
test-1689,40
test-1690,0
test-1691,0
test-1692,85
test-1693,85
test-1694,85
test-1695,46
test-1696,75
test-1697,111
test-1698,56
test-1699,56
test-1700,141
test-1701,8
test-1702,98
test-1703,32
test-1704,85
test-1705,85
test-1706,40
test-1707,40
test-1708,40
test-1709,85
test-1710,0
test-1711,0
test-1712,0
test-1713,0
test-1714,0
test-1715,40
test-1716,40
test-1717,40
test-1718,40
test-1719,40
test-1720,40
test-1721,40
test-1722,40
test-1723,40
test-1724,40
test-1725,40
test-1726,85
test-1727,101
test-1728,141
test-1729,141
test-1730,90
test-1731,102
test-1732,148
test-1733,32
test-1734,92
test-1735,5
test-1736,29
test-1737,29
test-1738,91
test-1739,40
test-1740,40
test-1741,40
test-1742,40
test-1743,40
test-1744,0
test-1745,0
test-1746,0
test-1747,40
test-1748,40
test-1749,40
test-1750,40
test-1751,40
test-1752,40
test-1753,40
test-1754,40
test-1755,40
test-1756,40
test-1757,40
test-1758,40
test-1759,40
test-1760,40
test-1761,40
test-1762,40
test-1763,40
test-1764,40
test-1765,40
test-1766,40
test-1767,40
test-1768,40
test-1769,40
test-1770,40
test-1771,40
test-1772,40
test-1773,40
test-1774,40
test-1775,40
test-1776,40
test-1777,40
test-1778,40
test-1779,40
test-1780,40
test-1781,40
test-1782,40
test-1783,40
test-1784,40
test-1785,40
test-1786,40
test-1787,40
test-1788,40
test-1789,40
test-1790,85
test-1791,101
test-1792,40
test-1793,40
test-1794,40
test-1795,40
test-1796,40
test-1797,40
test-1798,40
test-1799,40
test-1800,40
test-1801,40
test-1802,40
test-1803,40
test-1804,40
test-1805,40
test-1806,40
test-1807,40
test-1808,40
test-1809,40
test-1810,40
test-1811,40
test-1812,40
test-1813,40
test-1814,40
test-1815,40
test-1816,40
test-1817,40
test-1818,40
test-1819,40
test-1820,40
test-1821,40
test-1822,40
test-1823,40
test-1824,40
test-1825,40
test-1826,40
test-1827,40
test-1828,40
test-1829,40
test-1830,40
test-1831,40
test-1832,40
test-1833,40
test-1834,40
test-1835,40
test-1836,40
test-1837,40
test-1838,40
test-1839,40
test-1840,40
test-1841,0
test-1842,40
test-1843,40
test-1844,85
test-1845,85
test-1846,46
test-1847,75
test-1848,44
test-1849,44
test-1850,56
test-1851,16
test-1852,147
test-1853,30
test-1854,40
test-1855,83
test-1856,40
test-1857,40
test-1858,40
test-1859,40
test-1860,40
test-1861,40
test-1862,40
test-1863,40
test-1864,40
test-1865,40
test-1866,40
test-1867,40
test-1868,40
test-1869,40
test-1870,40
test-1871,40
test-1872,40
test-1873,40
test-1874,40
test-1875,40
test-1876,40
test-1877,40
test-1878,40
test-1879,40
test-1880,40
test-1881,40
test-1882,40
test-1883,40
test-1884,40
test-1885,40
test-1886,0
test-1887,0
test-1888,0
test-1889,85
test-1890,85
test-1891,85
test-1892,46
test-1893,75
test-1894,110
test-1895,56
test-1896,56
test-1897,0
test-1898,112
test-1899,42
test-1900,42
test-1901,45
test-1902,15
test-1903,50
test-1904,9
test-1905,43
test-1906,0
test-1907,0
test-1908,90
test-1909,40
test-1910,40
test-1911,40
test-1912,40
test-1913,40
test-1914,40
test-1915,40
test-1916,40
test-1917,85
test-1918,85
test-1919,85
test-1920,40
test-1921,40
test-1922,40
test-1923,40
test-1924,40
test-1925,40
test-1926,40
test-1927,40
test-1928,40
test-1929,40
test-1930,40
test-1931,40
test-1932,40
test-1933,40
test-1934,40
test-1935,40
test-1936,40
test-1937,40
test-1938,40
test-1939,40
test-1940,40
test-1941,40
test-1942,40
test-1943,40
test-1944,40
test-1945,40
test-1946,40
test-1947,40
test-1948,40
test-1949,40
test-1950,40
test-1951,40
test-1952,40
test-1953,40
test-1954,40
test-1955,40
test-1956,40
test-1957,40
test-1958,40
test-1959,40
test-1960,40
test-1961,40
test-1962,40
test-1963,40
test-1964,40
test-1965,40
test-1966,40
test-1967,40
test-1968,85
test-1969,85
test-1970,0
test-1971,40
test-1972,40
test-1973,141
test-1974,141
test-1975,90
test-1976,102
test-1977,148
test-1978,32
test-1979,92
test-1980,5
test-1981,29
test-1982,141
test-1983,91
test-1984,40
test-1985,40
test-1986,40
test-1987,40
test-1988,40
test-1989,40
test-1990,40
test-1991,40
test-1992,40
test-1993,40
test-1994,40
test-1995,40
test-1996,40
test-1997,40
test-1998,40
test-1999,40
test-2000,40
test-2001,40
test-2002,40
test-2003,40
test-2004,40
test-2005,40
test-2006,40
test-2007,40
test-2008,40
test-2009,40
test-2010,40
test-2011,40
test-2012,40
test-2013,40
test-2014,40
test-2015,40
test-2016,40
test-2017,40
test-2018,40
test-2019,40
test-2020,40
test-2021,40
test-2022,40
test-2023,40
test-2024,40
test-2025,40
test-2026,40
test-2027,85
test-2028,90
test-2029,0
test-2030,0
test-2031,0
test-2032,85
test-2033,85
test-2034,8
test-2035,46
test-2036,111
test-2037,111
test-2038,56
test-2039,56
test-2040,32
test-2041,64
test-2042,85
test-2043,42
test-2044,42
test-2045,15
test-2046,15
test-2047,9
test-2048,56
test-2049,56
test-2050,141
test-2051,64
test-2052,28
test-2053,85
test-2054,88
test-2055,46
test-2056,46
test-2057,9
test-2058,0
test-2059,0
test-2060,0
test-2061,0
test-2062,0
test-2063,0
test-2064,40
test-2065,40
test-2066,40
test-2067,40
test-2068,40
test-2069,40
test-2070,40
test-2071,40
test-2072,40
test-2073,40
test-2074,40
test-2075,40
test-2076,40
test-2077,40
test-2078,40
test-2079,40
test-2080,40
test-2081,40
test-2082,40
test-2083,40
test-2084,40
test-2085,40
test-2086,40
test-2087,40
test-2088,40
test-2089,40
test-2090,40
test-2091,40
test-2092,40
test-2093,40
test-2094,40
test-2095,40
test-2096,40
test-2097,40
test-2098,40
test-2099,40
test-2100,40
test-2101,40
test-2102,40
test-2103,40
test-2104,40
test-2105,40
test-2106,40
test-2107,40
test-2108,40
test-2109,40
test-2110,85
test-2111,101
test-2112,0
test-2113,53
test-2114,32
test-2115,59
test-2116,59
test-2117,148
test-2118,148
test-2119,91
test-2120,101
test-2121,40
test-2122,40
test-2123,40
test-2124,0
test-2125,0
test-2126,0
test-2127,0
test-2128,40
test-2129,40
test-2130,40
test-2131,40
test-2132,40
test-2133,40
test-2134,40
test-2135,40
test-2136,40
test-2137,40
test-2138,40
test-2139,40
test-2140,40
test-2141,40
test-2142,40
test-2143,40
test-2144,40
test-2145,40
test-2146,40
test-2147,40
test-2148,40
test-2149,40
test-2150,40
test-2151,40
test-2152,40
test-2153,40
test-2154,40
test-2155,40
test-2156,40
test-2157,40
test-2158,40
test-2159,40
test-2160,40
test-2161,40
test-2162,40
test-2163,40
test-2164,40
test-2165,40
test-2166,40
test-2167,40
test-2168,40
test-2169,40
test-2170,40
test-2171,40
test-2172,40
test-2173,40
test-2174,85
test-2175,101
test-2176,0
test-2177,111
test-2178,85
test-2179,85
test-2180,8
test-2181,8
test-2182,23
test-2183,53
test-2184,0
test-2185,0
test-2186,26
test-2187,90
test-2188,90
test-2189,40
test-2190,40
test-2191,40
test-2192,40
test-2193,40
test-2194,0
test-2195,0
test-2196,0
test-2197,0
test-2198,0
test-2199,40
test-2200,40
test-2201,40
test-2202,40
test-2203,40
test-2204,40
test-2205,40
test-2206,40
test-2207,40
test-2208,40
test-2209,40
test-2210,40
test-2211,40
test-2212,40
test-2213,40
test-2214,40
test-2215,40
test-2216,40
test-2217,40
test-2218,40
test-2219,40
test-2220,40
test-2221,40
test-2222,40
test-2223,40
test-2224,40
test-2225,40
test-2226,40
test-2227,40
test-2228,40
test-2229,40
test-2230,40
test-2231,40
test-2232,40
test-2233,40
test-2234,40
test-2235,40
test-2236,40
test-2237,40
test-2238,85
test-2239,101
test-2240,40
test-2241,40
test-2242,40
test-2243,40
test-2244,40
test-2245,40
test-2246,40
test-2247,40
test-2248,40
test-2249,40
test-2250,40
test-2251,40
test-2252,40
test-2253,40
test-2254,40
test-2255,40
test-2256,40
test-2257,40
test-2258,40
test-2259,40
test-2260,40
test-2261,40
test-2262,40
test-2263,40
test-2264,40
test-2265,40
test-2266,40
test-2267,40
test-2268,40
test-2269,40
test-2270,40
test-2271,40
test-2272,40
test-2273,40
test-2274,40
test-2275,40
test-2276,40
test-2277,40
test-2278,40
test-2279,40
test-2280,40
test-2281,40
test-2282,85
test-2283,90
test-2284,0
test-2285,0
test-2286,0
test-2287,85
test-2288,85
test-2289,8
test-2290,46
test-2291,111
test-2292,111
test-2293,25
test-2294,56
test-2295,101
test-2296,21
test-2297,143
test-2298,43
test-2299,43
test-2300,110
test-2301,98
test-2302,29
test-2303,91
test-2304,40
test-2305,40
test-2306,40
test-2307,40
test-2308,40
test-2309,40
test-2310,40
test-2311,40
test-2312,40
test-2313,40
test-2314,40
test-2315,40
test-2316,40
test-2317,40
test-2318,40
test-2319,40
test-2320,40
test-2321,40
test-2322,40
test-2323,40
test-2324,40
test-2325,40
test-2326,40
test-2327,40
test-2328,40
test-2329,40
test-2330,40
test-2331,40
test-2332,40
test-2333,40
test-2334,40
test-2335,40
test-2336,40
test-2337,40
test-2338,40
test-2339,40
test-2340,40
test-2341,40
test-2342,40
test-2343,40
test-2344,40
test-2345,40
test-2346,40
test-2347,40
test-2348,40
test-2349,40
test-2350,40
test-2351,40
test-2352,40
test-2353,40
test-2354,40
test-2355,40
test-2356,85
test-2357,40
test-2358,0
test-2359,40
test-2360,40
test-2361,141
test-2362,141
test-2363,90
test-2364,102
test-2365,148
test-2366,32
test-2367,88
test-2368,40
test-2369,40
test-2370,40
test-2371,40
test-2372,40
test-2373,40
test-2374,40
test-2375,40
test-2376,40
test-2377,40
test-2378,85
test-2379,0
test-2380,0
test-2381,0
test-2382,0
test-2383,85
test-2384,85
test-2385,46
test-2386,46
test-2387,75
test-2388,110
test-2389,56
test-2390,32
test-2391,0
test-2392,81
test-2393,32
test-2394,85
test-2395,88
test-2396,101
test-2397,15
test-2398,9
test-2399,8
test-2400,8
test-2401,0
test-2402,0
test-2403,71
test-2404,40
test-2405,40
test-2406,40
test-2407,40
test-2408,40
test-2409,40
test-2410,40
test-2411,40
test-2412,0
test-2413,0
test-2414,40
test-2415,40
test-2416,40
test-2417,40
test-2418,40
test-2419,40
test-2420,40
test-2421,40
test-2422,40
test-2423,40
test-2424,40
test-2425,40
test-2426,40
test-2427,40
test-2428,40
test-2429,40
test-2430,85
test-2431,101
test-2432,90
test-2433,90
test-2434,75
test-2435,40
test-2436,141
test-2437,141
test-2438,0
test-2439,0
test-2440,111
test-2441,111
test-2442,52
test-2443,50
test-2444,8
test-2445,147
test-2446,30
test-2447,110
test-2448,50
test-2449,50
test-2450,50
test-2451,40
test-2452,85
test-2453,85
test-2454,85
test-2455,40
test-2456,40
test-2457,40
test-2458,40
test-2459,40
test-2460,0
test-2461,40
test-2462,40
test-2463,40
test-2464,40
test-2465,40
test-2466,40
test-2467,40
test-2468,40
test-2469,40
test-2470,40
test-2471,40
test-2472,40
test-2473,40
test-2474,40
test-2475,40
test-2476,40
test-2477,40
test-2478,40
test-2479,40
test-2480,40
test-2481,40
test-2482,40
test-2483,40
test-2484,40
test-2485,40
test-2486,40
test-2487,40
test-2488,40
test-2489,40
test-2490,40
test-2491,40
test-2492,40
test-2493,40
test-2494,85
test-2495,101
test-2496,40
test-2497,40
test-2498,40
test-2499,40
test-2500,40
test-2501,40
test-2502,40
test-2503,40
test-2504,40
test-2505,40
test-2506,40
test-2507,40
test-2508,40
test-2509,40
test-2510,40
test-2511,40
test-2512,40
test-2513,40
test-2514,40
test-2515,40
test-2516,40
test-2517,40
test-2518,40
test-2519,40
test-2520,40
test-2521,40
test-2522,40
test-2523,40
test-2524,40
test-2525,40
test-2526,40
test-2527,40
test-2528,40
test-2529,40
test-2530,40
test-2531,40
test-2532,40
test-2533,40
test-2534,40
test-2535,40
test-2536,40
test-2537,40
test-2538,40
test-2539,40
test-2540,40
test-2541,40
test-2542,40
test-2543,85
test-2544,90
test-2545,0
test-2546,0
test-2547,0
test-2548,85
test-2549,85
test-2550,9
test-2551,46
test-2552,75
test-2553,44
test-2554,56
test-2555,56
test-2556,0
test-2557,81
test-2558,98
test-2559,1
test-2560,40
test-2561,40
test-2562,40
test-2563,40
test-2564,40
test-2565,40
test-2566,40
test-2567,40
test-2568,40
test-2569,40
test-2570,40
test-2571,40
test-2572,40
test-2573,40
test-2574,40
test-2575,40
test-2576,40
test-2577,40
test-2578,40
test-2579,40
test-2580,40
test-2581,40
test-2582,40
test-2583,40
test-2584,40
test-2585,40
test-2586,40
test-2587,40
test-2588,40
test-2589,40
test-2590,85
test-2591,90
test-2592,0
test-2593,0
test-2594,111
test-2595,85
test-2596,85
test-2597,9
test-2598,46
test-2599,75
test-2600,111
test-2601,56
test-2602,56
test-2603,32
test-2604,64
test-2605,28
test-2606,85
test-2607,88
test-2608,46
test-2609,46
test-2610,9
test-2611,8
test-2612,8
test-2613,8
test-2614,0
test-2615,0
test-2616,68
test-2617,40
test-2618,40
test-2619,40
test-2620,40
test-2621,40
test-2622,101
test-2623,85
test-2624,40
test-2625,40
test-2626,40
test-2627,40
test-2628,40
test-2629,40
test-2630,40
test-2631,40
test-2632,40
test-2633,40
test-2634,40
test-2635,40
test-2636,40
test-2637,40
test-2638,40
test-2639,40
test-2640,40
test-2641,40
test-2642,40
test-2643,40
test-2644,40
test-2645,40
test-2646,40
test-2647,40
test-2648,40
test-2649,40
test-2650,40
test-2651,40
test-2652,40
test-2653,40
test-2654,40
test-2655,40
test-2656,40
test-2657,40
test-2658,40
test-2659,40
test-2660,40
test-2661,40
test-2662,40
test-2663,40
test-2664,40
test-2665,40
test-2666,40
test-2667,40
test-2668,40
test-2669,40
test-2670,40
test-2671,85
test-2672,90
test-2673,0
test-2674,0
test-2675,0
test-2676,85
test-2677,85
test-2678,8
test-2679,46
test-2680,111
test-2681,111
test-2682,56
test-2683,56
test-2684,32
test-2685,85
test-2686,42
test-2687,42
test-2688,40
test-2689,141
test-2690,141
test-2691,101
test-2692,40
test-2693,111
test-2694,111
test-2695,85
test-2696,141
test-2697,110
test-2698,134
test-2699,104
test-2700,32
test-2701,53
test-2702,5
test-2703,5
test-2704,29
test-2705,33
test-2706,40
test-2707,40
test-2708,40
test-2709,101
test-2710,0
test-2711,0
test-2712,0
test-2713,0
test-2714,0
test-2715,40
test-2716,40
test-2717,40
test-2718,40
test-2719,40
test-2720,40
test-2721,40
test-2722,40
test-2723,40
test-2724,40
test-2725,40
test-2726,40
test-2727,40
test-2728,40
test-2729,40
test-2730,40
test-2731,40
test-2732,40
test-2733,40
test-2734,40
test-2735,40
test-2736,40
test-2737,40
test-2738,40
test-2739,40
test-2740,40
test-2741,40
test-2742,40
test-2743,40
test-2744,40
test-2745,40
test-2746,40
test-2747,40
test-2748,40
test-2749,40
test-2750,85
test-2751,101
test-2752,141
test-2753,5
test-2754,34
test-2755,32
test-2756,32
test-2757,59
test-2758,92
test-2759,5
test-2760,148
test-2761,148
test-2762,33
test-2763,40
test-2764,40
test-2765,101
test-2766,101
test-2767,0
test-2768,0
test-2769,0
test-2770,0
test-2771,0
test-2772,40
test-2773,40
test-2774,40
test-2775,40
test-2776,40
test-2777,40
test-2778,40
test-2779,40
test-2780,40
test-2781,40
test-2782,40
test-2783,40
test-2784,40
test-2785,40
test-2786,40
test-2787,40
test-2788,40
test-2789,40
test-2790,40
test-2791,40
test-2792,40
test-2793,40
test-2794,40
test-2795,40
test-2796,40
test-2797,40
test-2798,40
test-2799,40
test-2800,40
test-2801,40
test-2802,40
test-2803,40
test-2804,40
test-2805,40
test-2806,40
test-2807,40
test-2808,40
test-2809,40
test-2810,40
test-2811,40
test-2812,40
test-2813,40
test-2814,85
test-2815,101
test-2816,85
test-2817,85
test-2818,65
test-2819,46
test-2820,75
test-2821,111
test-2822,56
test-2823,56
test-2824,32
test-2825,39
test-2826,98
test-2827,98
test-2828,85
test-2829,101
test-2830,101
test-2831,46
test-2832,0
test-2833,0
test-2834,0
test-2835,0
test-2836,0
test-2837,0
test-2838,40
test-2839,40
test-2840,40
test-2841,40
test-2842,40
test-2843,40
test-2844,40
test-2845,40
test-2846,40
test-2847,40
test-2848,40
test-2849,40
test-2850,40
test-2851,40
test-2852,40
test-2853,40
test-2854,40
test-2855,40
test-2856,40
test-2857,40
test-2858,40
test-2859,40
test-2860,40
test-2861,40
test-2862,40
test-2863,40
test-2864,40
test-2865,40
test-2866,40
test-2867,40
test-2868,40
test-2869,40
test-2870,40
test-2871,40
test-2872,40
test-2873,40
test-2874,40
test-2875,40
test-2876,40
test-2877,40
test-2878,85
test-2879,101
test-2880,40
test-2881,40
test-2882,40
test-2883,40
test-2884,40
test-2885,40
test-2886,40
test-2887,40
test-2888,40
test-2889,40
test-2890,40
test-2891,40
test-2892,40
test-2893,40
test-2894,40
test-2895,40
test-2896,40
test-2897,40
test-2898,40
test-2899,85
test-2900,85
test-2901,46
test-2902,111
test-2903,70
test-2904,90
test-2905,90
test-2906,53
test-2907,0
test-2908,81
test-2909,32
test-2910,88
test-2911,88
test-2912,101
test-2913,101
test-2914,101
test-2915,0
test-2916,0
test-2917,0
test-2918,0
test-2919,0
test-2920,0
test-2921,40
test-2922,40
test-2923,40
test-2924,40
test-2925,40
test-2926,40
test-2927,40
test-2928,40
test-2929,40
test-2930,40
test-2931,40
test-2932,40
test-2933,40
test-2934,40
test-2935,40
test-2936,40
test-2937,40
test-2938,40
test-2939,40
test-2940,40
test-2941,40
test-2942,85
test-2943,101
test-2944,40
test-2945,40
test-2946,40
test-2947,40
test-2948,40
test-2949,40
test-2950,40
test-2951,40
test-2952,85
test-2953,46
test-2954,0
test-2955,0
test-2956,111
test-2957,85
test-2958,85
test-2959,8
test-2960,8
test-2961,111
test-2962,149
test-2963,50
test-2964,50
test-2965,149
test-2966,5
test-2967,5
test-2968,85
test-2969,56
test-2970,40
test-2971,101
test-2972,101
test-2973,0
test-2974,0
test-2975,0
test-2976,0
test-2977,0
test-2978,0
test-2979,40
test-2980,40
test-2981,40
test-2982,40
test-2983,40
test-2984,40
test-2985,40
test-2986,40
test-2987,40
test-2988,40
test-2989,40
test-2990,40
test-2991,40
test-2992,40
test-2993,40
test-2994,40
test-2995,40
test-2996,40
test-2997,40
test-2998,40
test-2999,40
test-3000,40
test-3001,40
test-3002,40
test-3003,40
test-3004,40
test-3005,40
test-3006,85
test-3007,101
test-3008,141
test-3009,141
test-3010,40
test-3011,40
test-3012,40
test-3013,85
test-3014,85
test-3015,9
test-3016,46
test-3017,75
test-3018,44
test-3019,56
test-3020,56
test-3021,0
test-3022,112
test-3023,35
test-3024,42
test-3025,42
test-3026,15
test-3027,15
test-3028,9
test-3029,8
test-3030,8
test-3031,0
test-3032,0
test-3033,71
test-3034,40
test-3035,40
test-3036,40
test-3037,40
test-3038,40
test-3039,40
test-3040,40
test-3041,0
test-3042,0
test-3043,0
test-3044,40
test-3045,40
test-3046,40
test-3047,40
test-3048,40
test-3049,40
test-3050,40
test-3051,40
test-3052,40
test-3053,40
test-3054,40
test-3055,40
test-3056,40
test-3057,40
test-3058,40
test-3059,40
test-3060,40
test-3061,40
test-3062,40
test-3063,85
test-3064,141
test-3065,0
test-3066,0
test-3067,111
test-3068,111
test-3069,132
test-3070,30
test-3071,85
test-3072,40
test-3073,40
test-3074,40
test-3075,40
test-3076,40
test-3077,40
test-3078,40
test-3079,40
test-3080,40
test-3081,40
test-3082,40
test-3083,40
test-3084,40
test-3085,40
test-3086,40
test-3087,40
test-3088,40
test-3089,40
test-3090,40
test-3091,40
test-3092,40
test-3093,85
test-3094,90
test-3095,0
test-3096,0
test-3097,0
test-3098,85
test-3099,85
test-3100,8
test-3101,8
test-3102,111
test-3103,132
test-3104,83
test-3105,50
test-3106,50
test-3107,43
test-3108,43
test-3109,40
test-3110,40
test-3111,40
test-3112,40
test-3113,40
test-3114,40
test-3115,40
test-3116,0
test-3117,0
test-3118,0
test-3119,40
test-3120,40
test-3121,40
test-3122,40
test-3123,40
test-3124,40
test-3125,40
test-3126,40
test-3127,40
test-3128,40
test-3129,40
test-3130,40
test-3131,40
test-3132,40
test-3133,40
test-3134,85
test-3135,101
test-3136,85
test-3137,85
test-3138,65
test-3139,46
test-3140,111
test-3141,111
test-3142,56
test-3143,56
test-3144,32
test-3145,48
test-3146,85
test-3147,42
test-3148,101
test-3149,101
test-3150,46
test-3151,9
test-3152,8
test-3153,8
test-3154,8
test-3155,0
test-3156,0
test-3157,40
test-3158,40
test-3159,40
test-3160,40
test-3161,40
test-3162,40
test-3163,40
test-3164,40
test-3165,0
test-3166,0
test-3167,40
test-3168,40
test-3169,40
test-3170,40
test-3171,40
test-3172,40
test-3173,40
test-3174,40
test-3175,40
test-3176,40
test-3177,40
test-3178,40
test-3179,40
test-3180,40
test-3181,40
test-3182,40
test-3183,40
test-3184,40
test-3185,40
test-3186,40
test-3187,40
test-3188,40
test-3189,40
test-3190,40
test-3191,40
test-3192,40
test-3193,40
test-3194,40
test-3195,40
test-3196,40
test-3197,40
test-3198,85
test-3199,101
test-3200,40
test-3201,40
test-3202,40
test-3203,40
test-3204,40
test-3205,40
test-3206,101
test-3207,0
test-3208,40
test-3209,40
test-3210,141
test-3211,141
test-3212,90
test-3213,102
test-3214,148
test-3215,32
test-3216,92
test-3217,5
test-3218,5
test-3219,29
test-3220,91
test-3221,40
test-3222,40
test-3223,40
test-3224,40
test-3225,40
test-3226,0
test-3227,0
test-3228,0
test-3229,40
test-3230,40
test-3231,40
test-3232,40
test-3233,40
test-3234,40
test-3235,40
test-3236,40
test-3237,40
test-3238,40
test-3239,40
test-3240,40
test-3241,40
test-3242,40
test-3243,40
test-3244,40
test-3245,40
test-3246,40
test-3247,40
test-3248,40
test-3249,40
test-3250,40
test-3251,40
test-3252,40
test-3253,40
test-3254,40
test-3255,40
test-3256,40
test-3257,40
test-3258,40
test-3259,40
test-3260,40
test-3261,40
test-3262,85
test-3263,101
test-3264,40
test-3265,40
test-3266,40
test-3267,40
test-3268,40
test-3269,40
test-3270,40
test-3271,40
test-3272,40
test-3273,40
test-3274,40
test-3275,40
test-3276,40
test-3277,40
test-3278,40
test-3279,40
test-3280,40
test-3281,40
test-3282,40
test-3283,40
test-3284,40
test-3285,40
test-3286,40
test-3287,40
test-3288,40
test-3289,40
test-3290,40
test-3291,40
test-3292,40
test-3293,40
test-3294,40
test-3295,40
test-3296,40
test-3297,40
test-3298,40
test-3299,40
test-3300,40
test-3301,40
test-3302,40
test-3303,40
test-3304,40
test-3305,40
test-3306,40
test-3307,40
test-3308,40
test-3309,40
test-3310,40
test-3311,40
test-3312,40
test-3313,40
test-3314,40
test-3315,40
test-3316,40
test-3317,85
test-3318,85
test-3319,40
test-3320,111
test-3321,70
test-3322,141
test-3323,90
test-3324,46
test-3325,0
test-3326,49
test-3327,32
test-3328,141
test-3329,40
test-3330,40
test-3331,40
test-3332,40
test-3333,40
test-3334,101
test-3335,46
test-3336,46
test-3337,111
test-3338,70
test-3339,85
test-3340,90
test-3341,46
test-3342,75
test-3343,44
test-3344,110
test-3345,32
test-3346,102
test-3347,102
test-3348,98
test-3349,29
test-3350,91
test-3351,40
test-3352,40
test-3353,40
test-3354,40
test-3355,85
test-3356,0
test-3357,0
test-3358,0
test-3359,0
test-3360,40
test-3361,40
test-3362,40
test-3363,40
test-3364,40
test-3365,40
test-3366,40
test-3367,40
test-3368,40
test-3369,40
test-3370,40
test-3371,40
test-3372,40
test-3373,40
test-3374,40
test-3375,40
test-3376,40
test-3377,40
test-3378,40
test-3379,40
test-3380,40
test-3381,40
test-3382,40
test-3383,40
test-3384,40
test-3385,40
test-3386,40
test-3387,40
test-3388,40
test-3389,40
test-3390,85
test-3391,101
test-3392,40
test-3393,40
test-3394,40
test-3395,40
test-3396,40
test-3397,40
test-3398,40
test-3399,40
test-3400,40
test-3401,40
test-3402,40
test-3403,40
test-3404,40
test-3405,40
test-3406,40
test-3407,40
test-3408,40
test-3409,40
test-3410,40
test-3411,40
test-3412,40
test-3413,40
test-3414,40
test-3415,40
test-3416,40
test-3417,40
test-3418,40
test-3419,40
test-3420,40
test-3421,40
test-3422,40
test-3423,40
test-3424,40
test-3425,85
test-3426,90
test-3427,46
test-3428,111
test-3429,70
test-3430,85
test-3431,90
test-3432,46
test-3433,44
test-3434,30
test-3435,110
test-3436,50
test-3437,50
test-3438,50
test-3439,40
test-3440,85
test-3441,85
test-3442,85
test-3443,40
test-3444,40
test-3445,40
test-3446,40
test-3447,40
test-3448,40
test-3449,40
test-3450,40
test-3451,40
test-3452,40
test-3453,40
test-3454,85
test-3455,101
test-3456,48
test-3457,85
test-3458,42
test-3459,101
test-3460,15
test-3461,15
test-3462,9
test-3463,8
test-3464,8
test-3465,43
test-3466,0
test-3467,110
test-3468,40
test-3469,40
test-3470,40
test-3471,40
test-3472,40
test-3473,40
test-3474,40
test-3475,0
test-3476,0
test-3477,0
test-3478,0
test-3479,40
test-3480,40
test-3481,40
test-3482,40
test-3483,40
test-3484,40
test-3485,40
test-3486,85
test-3487,90
test-3488,0
test-3489,0
test-3490,0
test-3491,85
test-3492,85
test-3493,85
test-3494,46
test-3495,75
test-3496,44
test-3497,56
test-3498,56
test-3499,135
test-3500,0
test-3501,110
test-3502,32
test-3503,101
test-3504,101
test-3505,15
test-3506,0
test-3507,0
test-3508,0
test-3509,0
test-3510,0
test-3511,40
test-3512,40
test-3513,40
test-3514,40
test-3515,40
test-3516,40
test-3517,40
test-3518,85
test-3519,85
test-3520,40
test-3521,40
test-3522,40
test-3523,40
test-3524,40
test-3525,40
test-3526,40
test-3527,40
test-3528,40
test-3529,40
test-3530,40
test-3531,40
test-3532,40
test-3533,40
test-3534,40
test-3535,40
test-3536,40
test-3537,40
test-3538,40
test-3539,40
test-3540,40
test-3541,40
test-3542,40
test-3543,40
test-3544,40
test-3545,40
test-3546,40
test-3547,40
test-3548,40
test-3549,40
test-3550,40
test-3551,40
test-3552,85
test-3553,40
test-3554,0
test-3555,0
test-3556,0
test-3557,85
test-3558,85
test-3559,85
test-3560,46
test-3561,75
test-3562,75
test-3563,56
test-3564,56
test-3565,0
test-3566,59
test-3567,59
test-3568,59
test-3569,1
test-3570,101
test-3571,101
test-3572,101
test-3573,46
test-3574,0
test-3575,0
test-3576,0
test-3577,0
test-3578,0
test-3579,40
test-3580,40
test-3581,40
test-3582,101
test-3583,101
test-3584,40
test-3585,40
test-3586,40
test-3587,40
test-3588,40
test-3589,40
test-3590,40
test-3591,40
test-3592,40
test-3593,40
test-3594,40
test-3595,40
test-3596,40
test-3597,40
test-3598,40
test-3599,40
test-3600,40
test-3601,0
test-3602,40
test-3603,40
test-3604,85
test-3605,85
test-3606,46
test-3607,75
test-3608,44
test-3609,44
test-3610,56
test-3611,16
test-3612,147
test-3613,30
test-3614,40
test-3615,83
test-3616,50
test-3617,50
test-3618,8
test-3619,8
test-3620,8
test-3621,0
test-3622,0
test-3623,40
test-3624,40
test-3625,40
test-3626,40
test-3627,40
test-3628,40
test-3629,0
test-3630,0
test-3631,0
test-3632,40
test-3633,40
test-3634,40
test-3635,40
test-3636,40
test-3637,40
test-3638,40
test-3639,40
test-3640,40
test-3641,40
test-3642,40
test-3643,40
test-3644,40
test-3645,40
test-3646,85
test-3647,101
test-3648,40
test-3649,40
test-3650,40
test-3651,40
test-3652,40
test-3653,40
test-3654,40
test-3655,40
test-3656,40
test-3657,40
test-3658,40
test-3659,40
test-3660,40
test-3661,40
test-3662,40
test-3663,40
test-3664,40
test-3665,40
test-3666,40
test-3667,40
test-3668,40
test-3669,40
test-3670,40
test-3671,40
test-3672,40
test-3673,85
test-3674,90
test-3675,0
test-3676,0
test-3677,0
test-3678,85
test-3679,85
test-3680,9
test-3681,46
test-3682,75
test-3683,75
test-3684,56
test-3685,141
test-3686,0
test-3687,81
test-3688,5
test-3689,42
test-3690,42
test-3691,101
test-3692,101
test-3693,46
test-3694,0
test-3695,0
test-3696,0
test-3697,0
test-3698,0
test-3699,40
test-3700,141
test-3701,141
test-3702,40
test-3703,40
test-3704,40
test-3705,85
test-3706,85
test-3707,8
test-3708,8
test-3709,23
test-3710,53
test-3711,0
test-3712,40
test-3713,40
test-3714,40
test-3715,40
test-3716,40
test-3717,40
test-3718,40
test-3719,40
test-3720,40
test-3721,40
test-3722,40
test-3723,40
test-3724,40
test-3725,40
test-3726,40
test-3727,40
test-3728,40
test-3729,40
test-3730,40
test-3731,40
test-3732,40
test-3733,40
test-3734,40
test-3735,40
test-3736,40
test-3737,40
test-3738,85
test-3739,40
test-3740,0
test-3741,0
test-3742,0
test-3743,85
test-3744,85
test-3745,85
test-3746,46
test-3747,75
test-3748,44
test-3749,25
test-3750,56
test-3751,135
test-3752,112
test-3753,42
test-3754,42
test-3755,15
test-3756,15
test-3757,9
test-3758,9
test-3759,8
test-3760,0
test-3761,0
test-3762,71
test-3763,40
test-3764,40
test-3765,40
test-3766,40
test-3767,40
test-3768,40
test-3769,40
test-3770,0
test-3771,0
test-3772,40
test-3773,40
test-3774,85
test-3775,101
test-3776,40
test-3777,40
test-3778,40
test-3779,40
test-3780,40
test-3781,40
test-3782,40
test-3783,40
test-3784,40
test-3785,40
test-3786,40
test-3787,40
test-3788,40
test-3789,40
test-3790,40
test-3791,40
test-3792,40
test-3793,40
test-3794,40
test-3795,40
test-3796,40
test-3797,40
test-3798,40
test-3799,40
test-3800,40
test-3801,40
test-3802,40
test-3803,40
test-3804,40
test-3805,40
test-3806,40
test-3807,40
test-3808,40
test-3809,40
test-3810,40
test-3811,40
test-3812,40
test-3813,40
test-3814,40
test-3815,40
test-3816,40
test-3817,40
test-3818,40
test-3819,40
test-3820,40
test-3821,40
test-3822,0
test-3823,0
test-3824,0
test-3825,85
test-3826,85
test-3827,85
test-3828,46
test-3829,75
test-3830,70
test-3831,110
test-3832,56
test-3833,135
test-3834,43
test-3835,112
test-3836,42
test-3837,42
test-3838,15
test-3839,15
test-3840,40
test-3841,40
test-3842,40
test-3843,40
test-3844,40
test-3845,40
test-3846,40
test-3847,40
test-3848,40
test-3849,40
test-3850,40
test-3851,40
test-3852,40
test-3853,40
test-3854,40
test-3855,40
test-3856,40
test-3857,40
test-3858,40
test-3859,40
test-3860,40
test-3861,40
test-3862,40
test-3863,40
test-3864,40
test-3865,40
test-3866,40
test-3867,40
test-3868,40
test-3869,40
test-3870,40
test-3871,40
test-3872,85
test-3873,40
test-3874,0
test-3875,0
test-3876,0
test-3877,85
test-3878,85
test-3879,85
test-3880,46
test-3881,75
test-3882,44
test-3883,25
test-3884,56
test-3885,135
test-3886,112
test-3887,42
test-3888,42
test-3889,15
test-3890,15
test-3891,9
test-3892,9
test-3893,8
test-3894,0
test-3895,0
test-3896,71
test-3897,40
test-3898,40
test-3899,40
test-3900,40
test-3901,40
test-3902,101
test-3903,85
test-3904,40
test-3905,85
test-3906,85
test-3907,101
test-3908,46
test-3909,75
test-3910,70
test-3911,141
test-3912,141
test-3913,32
test-3914,122
test-3915,73
test-3916,18
test-3917,148
test-3918,148
test-3919,118
test-3920,1
test-3921,136
test-3922,55
test-3923,101
test-3924,101
test-3925,0
test-3926,0
test-3927,0
test-3928,0
test-3929,0
test-3930,40
test-3931,40
test-3932,40
test-3933,40
test-3934,40
test-3935,40
test-3936,40
test-3937,40
test-3938,40
test-3939,40
test-3940,40
test-3941,40
test-3942,40
test-3943,40
test-3944,40
test-3945,40
test-3946,40
test-3947,40
test-3948,40
test-3949,40
test-3950,40
test-3951,40
test-3952,40
test-3953,40
test-3954,40
test-3955,40
test-3956,40
test-3957,0
test-3958,0
test-3959,85
test-3960,8
test-3961,8
test-3962,8
test-3963,110
test-3964,98
test-3965,85
test-3966,91
test-3967,101
test-3968,40
test-3969,40
test-3970,40
test-3971,85
test-3972,101
test-3973,46
test-3974,75
test-3975,111
test-3976,56
test-3977,56
test-3978,141
test-3979,8
test-3980,98
test-3981,32
test-3982,85
test-3983,85
test-3984,40
test-3985,40
test-3986,40
test-3987,85
test-3988,0
test-3989,0
test-3990,0
test-3991,0
test-3992,0
test-3993,40
test-3994,40
test-3995,40
test-3996,40
test-3997,40
test-3998,40
test-3999,40
test-4000,40
test-4001,40
test-4002,40
test-4003,40
test-4004,40
test-4005,40
test-4006,40
test-4007,40
test-4008,40
test-4009,40
test-4010,40
test-4011,40
test-4012,40
test-4013,40
test-4014,40
test-4015,40
test-4016,40
test-4017,40
test-4018,40
test-4019,40
test-4020,40
test-4021,40
test-4022,40
test-4023,40
test-4024,40
test-4025,40
test-4026,40
test-4027,40
test-4028,40
test-4029,40
test-4030,85
test-4031,101
test-4032,40
test-4033,40
test-4034,40
test-4035,40
test-4036,40
test-4037,40
test-4038,40
test-4039,40
test-4040,40
test-4041,40
test-4042,40
test-4043,40
test-4044,40
test-4045,40
test-4046,40
test-4047,40
test-4048,40
test-4049,40
test-4050,40
test-4051,40
test-4052,40
test-4053,40
test-4054,85
test-4055,90
test-4056,0
test-4057,0
test-4058,40
test-4059,85
test-4060,85
test-4061,9
test-4062,46
test-4063,75
test-4064,111
test-4065,56
test-4066,141
test-4067,141
test-4068,64
test-4069,28
test-4070,85
test-4071,88
test-4072,88
test-4073,46
test-4074,147
test-4075,9
test-4076,8
test-4077,8
test-4078,0
test-4079,0
test-4080,0
test-4081,40
test-4082,40
test-4083,40
test-4084,40
test-4085,40
test-4086,40
test-4087,40
test-4088,85
test-4089,40
test-4090,0
test-4091,40
test-4092,40
test-4093,40
test-4094,85
test-4095,101
test-4096,90
test-4097,40
test-4098,40
test-4099,85
test-4100,85
test-4101,85
test-4102,46
test-4103,75
test-4104,44
test-4105,56
test-4106,56
test-4107,135
test-4108,43
test-4109,42
test-4110,42
test-4111,42
test-4112,15
test-4113,15
test-4114,50
test-4115,0
test-4116,0
test-4117,0
test-4118,0
test-4119,40
test-4120,40
test-4121,40
test-4122,40
test-4123,40
test-4124,40
test-4125,40
test-4126,40
test-4127,40
test-4128,40
test-4129,40
test-4130,40
test-4131,40
test-4132,40
test-4133,40
test-4134,40
test-4135,40
test-4136,40
test-4137,40
test-4138,40
test-4139,40
test-4140,40
test-4141,40
test-4142,40
test-4143,40
test-4144,40
test-4145,40
test-4146,40
test-4147,40
test-4148,40
test-4149,40
test-4150,40
test-4151,40
test-4152,40
test-4153,40
test-4154,40
test-4155,40
test-4156,40
test-4157,40
test-4158,85
test-4159,101
test-4160,141
test-4161,141
test-4162,90
test-4163,13
test-4164,0
test-4165,111
test-4166,85
test-4167,85
test-4168,8
test-4169,8
test-4170,111
test-4171,149
test-4172,50
test-4173,50
test-4174,149
test-4175,5
test-4176,5
test-4177,85
test-4178,56
test-4179,40
test-4180,101
test-4181,101
test-4182,0
test-4183,0
test-4184,0
test-4185,0
test-4186,0
test-4187,0
test-4188,40
test-4189,40
test-4190,40
test-4191,40
test-4192,40
test-4193,40
test-4194,40
test-4195,40
test-4196,40
test-4197,40
test-4198,40
test-4199,40
test-4200,40
test-4201,40
test-4202,40
test-4203,40
test-4204,40
test-4205,40
test-4206,40
test-4207,40
test-4208,40
test-4209,40
test-4210,40
test-4211,40
test-4212,40
test-4213,40
test-4214,40
test-4215,40
test-4216,40
test-4217,40
test-4218,40
test-4219,40
test-4220,40
test-4221,40
test-4222,85
test-4223,101
test-4224,40
test-4225,40
test-4226,40
test-4227,40
test-4228,40
test-4229,40
test-4230,40
test-4231,40
test-4232,40
test-4233,40
test-4234,40
test-4235,40
test-4236,40
test-4237,40
test-4238,40
test-4239,40
test-4240,40
test-4241,40
test-4242,40
test-4243,40
test-4244,40
test-4245,40
test-4246,40
test-4247,40
test-4248,40
test-4249,40
test-4250,40
test-4251,40
test-4252,40
test-4253,40
test-4254,40
test-4255,40
test-4256,40
test-4257,40
test-4258,40
test-4259,40
test-4260,40
test-4261,40
test-4262,40
test-4263,40
test-4264,40
test-4265,40
test-4266,40
test-4267,40
test-4268,85
test-4269,101
test-4270,0
test-4271,0
test-4272,111
test-4273,85
test-4274,85
test-4275,46
test-4276,46
test-4277,134
test-4278,44
test-4279,44
test-4280,26
test-4281,26
test-4282,5
test-4283,29
test-4284,29
test-4285,40
test-4286,101
test-4287,101
test-4288,40
test-4289,40
test-4290,40
test-4291,40
test-4292,40
test-4293,40
test-4294,40
test-4295,40
test-4296,40
test-4297,40
test-4298,40
test-4299,40
test-4300,40
test-4301,40
test-4302,40
test-4303,40
test-4304,40
test-4305,40
test-4306,40
test-4307,40
test-4308,40
test-4309,40
test-4310,40
test-4311,40
test-4312,40
test-4313,40
test-4314,40
test-4315,40
test-4316,40
test-4317,40
test-4318,40
test-4319,40
test-4320,40
test-4321,40
test-4322,40
test-4323,85
test-4324,90
test-4325,0
test-4326,0
test-4327,0
test-4328,85
test-4329,85
test-4330,85
test-4331,46
test-4332,75
test-4333,44
test-4334,56
test-4335,56
test-4336,0
test-4337,43
test-4338,42
test-4339,42
test-4340,136
test-4341,15
test-4342,50
test-4343,9
test-4344,8
test-4345,43
test-4346,0
test-4347,110
test-4348,40
test-4349,40
test-4350,91
test-4351,101
test-4352,40
test-4353,40
test-4354,40
test-4355,40
test-4356,40
test-4357,40
test-4358,40
test-4359,40
test-4360,40
test-4361,40
test-4362,40
test-4363,40
test-4364,40
test-4365,40
test-4366,40
test-4367,40
test-4368,40
test-4369,40
test-4370,40
test-4371,40
test-4372,40
test-4373,40
test-4374,40
test-4375,40
test-4376,40
test-4377,40
test-4378,40
test-4379,40
test-4380,40
test-4381,40
test-4382,40
test-4383,40
test-4384,40
test-4385,40
test-4386,40
test-4387,40
test-4388,40
test-4389,40
test-4390,40
test-4391,0
test-4392,0
test-4393,85
test-4394,85
test-4395,85
test-4396,46
test-4397,46
test-4398,75
test-4399,110
test-4400,90
test-4401,141
test-4402,0
test-4403,44
test-4404,44
test-4405,42
test-4406,42
test-4407,101
test-4408,101
test-4409,101
test-4410,46
test-4411,0
test-4412,0
test-4413,0
test-4414,85
test-4415,85
test-4416,40
test-4417,40
test-4418,141
test-4419,101
test-4420,46
test-4421,111
test-4422,111
test-4423,85
test-4424,85
test-4425,8
test-4426,8
test-4427,111
test-4428,58
test-4429,58
test-4430,50
test-4431,115
test-4432,29
test-4433,56
test-4434,40
test-4435,40
test-4436,40
test-4437,40
test-4438,0
test-4439,0
test-4440,0
test-4441,0
test-4442,0
test-4443,40
test-4444,40
test-4445,40
test-4446,40
test-4447,40
test-4448,40
test-4449,40
test-4450,40
test-4451,40
test-4452,40
test-4453,40
test-4454,40
test-4455,40
test-4456,40
test-4457,40
test-4458,40
test-4459,40
test-4460,40
test-4461,40
test-4462,40
test-4463,40
test-4464,40
test-4465,40
test-4466,40
test-4467,40
test-4468,40
test-4469,40
test-4470,40
test-4471,40
test-4472,40
test-4473,40
test-4474,40
test-4475,40
test-4476,40
test-4477,40
test-4478,85
test-4479,101
test-4480,40
test-4481,40
test-4482,40
test-4483,40
test-4484,40
test-4485,40
test-4486,40
test-4487,85
test-4488,101
test-4489,0
test-4490,0
test-4491,111
test-4492,85
test-4493,85
test-4494,8
test-4495,8
test-4496,111
test-4497,53
test-4498,87
test-4499,26
