id,tags
test-0,B-last_name
test-1,B-last_name
test-2,B-last_name
test-3,B-last_name
test-4,B-last_name
test-5,B-last_name
test-6,B-last_name
test-7,B-last_name
test-8,B-last_name
test-9,B-last_name
test-10,B-last_name
test-11,B-last_name
test-12,B-last_name
test-13,B-last_name
test-14,O
test-15,B-last_name
test-16,B-last_name
test-17,B-last_name
test-18,O
test-19,B-last_name
test-20,B-last_name
test-21,B-last_name
test-22,B-last_name
test-23,B-last_name
test-24,B-last_name
test-25,B-last_name
test-26,B-last_name
test-27,B-last_name
test-28,B-last_name
test-29,B-last_name
test-30,B-last_name
test-31,B-last_name
test-32,O
test-33,B-last_name
test-34,B-last_name
test-35,B-last_name
test-36,B-last_name
test-37,B-last_name
test-38,B-last_name
test-39,B-last_name
test-40,B-last_name
test-41,B-last_name
test-42,B-last_name
test-43,B-last_name
test-44,B-last_name
test-45,B-last_name
test-46,B-last_name
test-47,B-last_name
test-48,B-last_name
test-49,B-last_name
test-50,B-last_name
test-51,B-last_name
test-52,O
test-53,B-last_name
test-54,B-last_name
test-55,B-last_name
test-56,B-last_name
test-57,B-last_name
test-58,B-last_name
test-59,B-last_name
test-60,B-last_name
test-61,B-last_name
test-62,B-last_name
test-63,B-last_name
test-64,B-last_name
test-65,B-last_name
test-66,B-last_name
test-67,B-last_name
test-68,B-last_name
test-69,O
test-70,B-last_name
test-71,B-last_name
test-72,B-last_name
test-73,B-last_name
test-74,B-last_name
test-75,B-last_name
test-76,B-last_name
test-77,B-last_name
test-78,B-last_name
test-79,B-last_name
test-80,B-last_name
test-81,O
test-82,B-last_name
test-83,B-last_name
test-84,B-last_name
test-85,B-last_name
test-86,B-last_name
test-87,B-last_name
test-88,B-last_name
test-89,B-last_name
test-90,B-last_name
test-91,B-last_name
test-92,B-last_name
test-93,B-last_name
test-94,B-last_name
test-95,B-last_name
test-96,B-last_name
test-97,B-last_name
test-98,B-last_name
test-99,B-last_name
test-100,B-last_name
test-101,B-last_name
test-102,B-last_name
test-103,B-last_name
test-104,B-last_name
test-105,B-last_name
test-106,B-last_name
test-107,B-last_name
test-108,O
test-109,B-last_name
test-110,B-last_name
test-111,B-last_name
test-112,B-last_name
test-113,B-last_name
test-114,B-last_name
test-115,B-last_name
test-116,O
test-117,B-last_name
test-118,B-last_name
test-119,B-last_name
test-120,B-last_name
test-121,B-last_name
test-122,B-last_name
test-123,B-last_name
test-124,B-last_name
test-125,B-last_name
test-126,B-last_name
test-127,B-last_name
test-128,B-last_name
test-129,B-last_name
test-130,B-last_name
test-131,B-last_name
test-132,B-last_name
test-133,B-last_name
test-134,B-last_name
test-135,B-last_name
test-136,B-last_name
test-137,B-last_name
test-138,B-last_name
test-139,B-last_name
test-140,B-last_name
test-141,B-last_name
test-142,B-last_name
test-143,B-last_name
test-144,B-last_name
test-145,B-last_name
test-146,B-last_name
test-147,B-last_name
test-148,B-last_name
test-149,B-last_name
test-150,B-last_name
test-151,B-last_name
test-152,B-last_name
test-153,B-last_name
test-154,B-last_name
test-155,B-last_name
test-156,B-last_name
test-157,B-last_name
test-158,B-last_name
test-159,B-last_name
test-160,B-last_name
test-161,B-last_name
test-162,B-last_name
test-163,B-last_name
test-164,B-last_name
test-165,B-last_name
test-166,B-last_name
test-167,B-last_name
test-168,B-last_name
test-169,B-last_name
test-170,B-last_name
test-171,O
test-172,B-last_name
test-173,B-last_name
test-174,B-last_name
test-175,B-last_name
test-176,B-last_name
test-177,B-last_name
test-178,B-last_name
test-179,B-last_name
test-180,B-last_name
test-181,B-last_name
test-182,B-last_name
test-183,B-last_name
test-184,B-last_name
test-185,B-last_name
test-186,B-last_name
test-187,B-last_name
test-188,B-last_name
test-189,B-last_name
test-190,B-last_name
test-191,B-last_name
test-192,B-last_name
test-193,B-last_name
test-194,B-last_name
test-195,B-last_name
test-196,B-last_name
test-197,B-last_name
test-198,B-last_name
test-199,B-last_name
test-200,B-last_name
test-201,B-last_name
test-202,B-last_name
test-203,B-last_name
test-204,B-last_name
test-205,B-last_name
test-206,B-last_name
test-207,O
test-208,B-last_name
test-209,B-last_name
test-210,B-last_name
test-211,B-last_name
test-212,B-last_name
test-213,B-last_name
test-214,B-last_name
test-215,B-last_name
test-216,B-last_name
test-217,B-last_name
test-218,B-last_name
test-219,B-last_name
test-220,B-last_name
test-221,B-last_name
test-222,B-last_name
test-223,B-last_name
test-224,B-last_name
test-225,B-last_name
test-226,O
test-227,B-last_name
test-228,B-last_name
test-229,B-last_name
test-230,B-last_name
test-231,B-last_name
test-232,B-last_name
test-233,B-last_name
test-234,B-last_name
test-235,B-last_name
test-236,B-last_name
test-237,B-last_name
test-238,B-last_name
test-239,B-last_name
test-240,B-last_name
test-241,B-last_name
test-242,B-last_name
test-243,O
test-244,B-last_name
test-245,B-last_name
test-246,B-last_name
test-247,B-last_name
test-248,B-last_name
test-249,B-last_name
test-250,B-last_name
test-251,B-last_name
test-252,B-last_name
test-253,B-last_name
test-254,O
test-255,B-last_name
test-256,B-last_name
test-257,B-last_name
test-258,B-last_name
test-259,B-last_name
test-260,B-last_name
test-261,B-last_name
test-262,B-last_name
test-263,O
test-264,B-last_name
test-265,B-last_name
test-266,B-last_name
test-267,B-last_name
test-268,B-last_name
test-269,O
test-270,B-last_name
test-271,B-last_name
test-272,B-last_name
test-273,B-last_name
test-274,B-last_name
test-275,B-last_name
test-276,B-last_name
test-277,B-last_name
test-278,B-last_name
test-279,O
test-280,B-last_name
test-281,B-last_name
test-282,B-last_name
test-283,B-last_name
test-284,B-last_name
test-285,B-last_name
test-286,B-last_name
test-287,B-last_name
test-288,B-last_name
test-289,B-last_name
test-290,B-last_name
test-291,B-last_name
test-292,B-last_name
test-293,B-last_name
test-294,B-last_name
test-295,B-last_name
test-296,B-last_name
test-297,B-last_name
test-298,B-last_name
test-299,B-last_name
test-300,B-last_name
test-301,B-last_name
test-302,B-last_name
test-303,B-last_name
test-304,B-last_name
test-305,B-last_name
test-306,B-last_name
test-307,B-last_name
test-308,B-last_name
test-309,B-last_name
test-310,B-last_name
test-311,B-last_name
test-312,B-last_name
test-313,B-last_name
test-314,B-last_name
test-315,B-last_name
test-316,B-last_name
test-317,B-last_name
test-318,B-last_name
test-319,B-last_name
test-320,B-last_name
test-321,O
test-322,B-last_name
test-323,B-last_name
test-324,B-last_name
test-325,B-last_name
test-326,B-last_name
test-327,B-last_name
test-328,O
test-329,B-last_name
test-330,B-last_name
test-331,B-last_name
test-332,B-last_name
test-333,B-last_name
test-334,B-last_name
test-335,B-last_name
test-336,B-last_name
test-337,B-last_name
test-338,B-last_name
test-339,B-last_name
test-340,B-last_name
test-341,B-last_name
test-342,B-last_name
test-343,B-last_name
test-344,B-last_name
test-345,B-last_name
test-346,B-last_name
test-347,B-last_name
test-348,B-last_name
test-349,B-last_name
test-350,B-last_name
test-351,B-last_name
test-352,B-last_name
test-353,B-last_name
test-354,B-last_name
test-355,B-last_name
test-356,B-last_name
test-357,B-last_name
test-358,B-last_name
test-359,B-last_name
test-360,B-last_name
test-361,B-last_name
test-362,B-last_name
test-363,B-last_name
test-364,B-last_name
test-365,B-last_name
test-366,B-last_name
test-367,B-last_name
test-368,B-last_name
test-369,B-last_name
test-370,B-last_name
test-371,B-last_name
test-372,B-last_name
test-373,B-last_name
test-374,B-last_name
test-375,B-last_name
test-376,B-last_name
test-377,B-last_name
test-378,B-last_name
test-379,B-last_name
test-380,B-last_name
test-381,B-last_name
test-382,B-last_name
test-383,B-last_name
test-384,B-last_name
test-385,B-last_name
test-386,B-last_name
test-387,B-last_name
test-388,B-last_name
test-389,B-last_name
test-390,B-last_name
test-391,B-last_name
test-392,B-last_name
test-393,B-last_name
test-394,B-last_name
test-395,B-last_name
test-396,B-last_name
test-397,B-last_name
test-398,B-last_name
test-399,B-last_name
test-400,B-last_name
test-401,B-last_name
test-402,O
test-403,B-last_name
test-404,B-last_name
test-405,B-last_name
test-406,B-last_name
test-407,B-last_name
test-408,B-last_name
test-409,B-last_name
test-410,B-last_name
test-411,B-last_name
test-412,B-last_name
test-413,B-last_name
test-414,B-last_name
test-415,B-last_name
test-416,B-last_name
test-417,B-last_name
test-418,B-last_name
test-419,B-last_name
test-420,B-last_name
test-421,B-last_name
test-422,B-last_name
test-423,B-last_name
test-424,B-last_name
test-425,B-last_name
test-426,B-last_name
test-427,B-last_name
test-428,B-last_name
test-429,B-last_name
test-430,B-last_name
test-431,B-last_name
test-432,B-last_name
test-433,B-last_name
test-434,B-last_name
test-435,O
test-436,B-last_name
test-437,B-last_name
test-438,B-last_name
test-439,B-last_name
test-440,B-last_name
test-441,B-last_name
test-442,B-last_name
test-443,B-last_name
test-444,B-last_name
test-445,B-last_name
test-446,B-last_name
test-447,B-last_name
test-448,B-last_name
test-449,B-last_name
test-450,B-last_name
test-451,B-last_name
test-452,B-last_name
test-453,B-last_name
test-454,B-last_name
test-455,B-last_name
test-456,B-last_name
test-457,B-last_name
test-458,B-last_name
test-459,B-last_name
test-460,B-last_name
test-461,B-last_name
test-462,B-last_name
test-463,B-last_name
test-464,B-last_name
test-465,B-last_name
test-466,B-last_name
test-467,B-last_name
test-468,B-last_name
test-469,B-last_name
test-470,B-last_name
test-471,B-last_name
test-472,B-last_name
test-473,B-last_name
test-474,B-last_name
test-475,B-last_name
test-476,B-last_name
test-477,B-last_name
test-478,B-last_name
test-479,B-last_name
test-480,B-last_name
test-481,B-last_name
test-482,B-last_name
test-483,B-last_name
test-484,O
test-485,B-last_name
test-486,B-last_name
test-487,B-last_name
test-488,B-last_name
test-489,B-last_name
test-490,B-last_name
test-491,B-last_name
test-492,B-last_name
test-493,B-last_name
test-494,O
test-495,B-last_name
test-496,B-last_name
test-497,B-last_name
test-498,B-last_name
test-499,B-last_name
test-500,B-last_name
test-501,B-last_name
test-502,B-last_name
test-503,B-last_name
test-504,B-last_name
test-505,B-last_name
test-506,B-last_name
test-507,B-last_name
test-508,B-last_name
test-509,B-last_name
test-510,B-last_name
test-511,O
test-512,B-last_name
test-513,B-last_name
test-514,B-last_name
test-515,B-last_name
test-516,B-last_name
test-517,B-last_name
test-518,B-last_name
test-519,B-last_name
test-520,B-last_name
test-521,B-last_name
test-522,B-last_name
test-523,O
test-524,B-last_name
test-525,B-last_name
test-526,B-last_name
test-527,O
test-528,B-last_name
test-529,B-last_name
test-530,B-last_name
test-531,B-last_name
test-532,B-last_name
test-533,B-last_name
test-534,B-last_name
test-535,B-last_name
test-536,B-last_name
test-537,B-last_name
test-538,B-last_name
test-539,B-last_name
test-540,B-last_name
test-541,O
test-542,B-last_name
test-543,B-last_name
test-544,B-last_name
test-545,B-last_name
test-546,B-last_name
test-547,B-last_name
test-548,B-last_name
test-549,B-last_name
test-550,B-last_name
test-551,B-last_name
test-552,O
test-553,B-last_name
test-554,B-last_name
test-555,B-last_name
test-556,B-last_name
test-557,B-last_name
test-558,B-last_name
test-559,B-last_name
test-560,B-last_name
test-561,O
test-562,B-last_name
test-563,O
test-564,B-last_name
test-565,B-last_name
test-566,B-last_name
test-567,B-last_name
test-568,O
test-569,B-last_name
test-570,B-last_name
test-571,B-last_name
test-572,B-last_name
test-573,B-last_name
test-574,B-last_name
test-575,B-last_name
test-576,B-last_name
test-577,B-last_name
test-578,B-last_name
test-579,B-last_name
test-580,B-last_name
test-581,B-last_name
test-582,B-last_name
test-583,B-last_name
test-584,B-last_name
test-585,B-last_name
test-586,B-last_name
test-587,B-last_name
test-588,B-last_name
test-589,B-last_name
test-590,B-last_name
test-591,B-last_name
test-592,B-last_name
test-593,B-last_name
test-594,B-last_name
test-595,B-last_name
test-596,B-last_name
test-597,B-last_name
test-598,B-last_name
test-599,B-last_name
test-600,B-last_name
test-601,O
test-602,B-last_name
test-603,B-last_name
test-604,B-last_name
test-605,B-last_name
test-606,O
test-607,B-last_name
test-608,B-last_name
test-609,B-last_name
test-610,B-last_name
test-611,B-last_name
test-612,B-last_name
test-613,B-last_name
test-614,B-last_name
test-615,B-last_name
test-616,B-last_name
test-617,O
test-618,B-last_name
test-619,B-last_name
test-620,B-last_name
test-621,B-last_name
test-622,B-last_name
test-623,B-last_name
test-624,B-last_name
test-625,B-last_name
test-626,B-last_name
test-627,B-last_name
test-628,B-last_name
test-629,B-last_name
test-630,B-last_name
test-631,B-last_name
test-632,B-last_name
test-633,B-last_name
test-634,B-last_name
test-635,B-last_name
test-636,B-last_name
test-637,B-last_name
test-638,O
test-639,B-last_name
test-640,B-last_name
test-641,B-last_name
test-642,B-last_name
test-643,B-last_name
test-644,B-last_name
test-645,O
test-646,B-last_name
test-647,O
test-648,O
test-649,B-last_name
test-650,B-last_name
test-651,B-last_name
test-652,B-last_name
test-653,B-last_name
test-654,O
test-655,B-last_name
test-656,B-last_name
test-657,B-last_name
test-658,O
test-659,B-last_name
test-660,B-last_name
test-661,O
test-662,B-last_name
test-663,B-last_name
test-664,B-last_name
test-665,B-last_name
test-666,B-last_name
test-667,B-last_name
test-668,B-last_name
test-669,B-last_name
test-670,O
test-671,O
test-672,B-last_name
test-673,B-last_name
test-674,O
test-675,B-last_name
test-676,O
test-677,B-last_name
test-678,B-last_name
test-679,B-last_name
test-680,B-last_name
test-681,B-last_name
test-682,B-last_name
test-683,B-last_name
test-684,B-last_name
test-685,B-last_name
test-686,O
test-687,B-last_name
test-688,B-last_name
test-689,B-last_name
test-690,B-last_name
test-691,B-last_name
test-692,B-last_name
test-693,O
test-694,O
test-695,B-last_name
test-696,B-last_name
test-697,B-last_name
test-698,B-last_name
test-699,O
test-700,B-last_name
test-701,B-last_name
test-702,B-last_name
test-703,O
test-704,B-last_name
test-705,B-last_name
test-706,B-date
test-707,B-last_name
test-708,B-last_name
test-709,B-last_name
test-710,B-last_name
test-711,B-last_name
test-712,B-last_name
test-713,B-last_name
test-714,O
test-715,B-last_name
test-716,B-last_name
test-717,B-last_name
test-718,B-last_name
test-719,B-last_name
test-720,B-last_name
test-721,B-last_name
test-722,B-last_name
test-723,B-last_name
test-724,O
test-725,B-last_name
test-726,O
test-727,B-last_name
test-728,B-last_name
test-729,B-last_name
test-730,B-last_name
test-731,B-last_name
test-732,B-last_name
test-733,B-last_name
test-734,B-last_name
test-735,I-time
test-736,O
test-737,B-last_name
test-738,B-last_name
test-739,B-last_name
test-740,O
test-741,B-last_name
test-742,O
test-743,O
test-744,O
test-745,B-last_name
test-746,O
test-747,B-last_name
test-748,B-last_name
test-749,B-last_name
test-750,B-last_name
test-751,B-last_name
test-752,B-last_name
test-753,B-last_name
test-754,B-last_name
test-755,B-last_name
test-756,B-last_name
test-757,B-last_name
test-758,B-last_name
test-759,B-last_name
test-760,O
test-761,O
test-762,O
test-763,O
test-764,O
test-765,B-last_name
test-766,B-last_name
test-767,B-last_name
test-768,B-last_name
test-769,B-last_name
test-770,B-last_name
test-771,B-last_name
test-772,B-last_name
test-773,B-last_name
test-774,B-last_name
test-775,B-last_name
test-776,B-last_name
test-777,B-last_name
test-778,B-last_name
test-779,B-last_name
test-780,B-last_name
test-781,B-last_name
test-782,B-last_name
test-783,B-last_name
test-784,B-last_name
test-785,B-last_name
test-786,B-last_name
test-787,B-last_name
test-788,B-last_name
test-789,B-last_name
test-790,B-last_name
test-791,B-last_name
test-792,B-last_name
test-793,B-last_name
test-794,B-last_name
test-795,B-last_name
test-796,B-last_name
test-797,B-last_name
test-798,B-last_name
test-799,B-last_name
test-800,B-last_name
test-801,B-last_name
test-802,B-last_name
test-803,B-last_name
test-804,B-last_name
test-805,B-last_name
test-806,B-last_name
test-807,B-last_name
test-808,B-last_name
test-809,B-last_name
test-810,O
test-811,B-last_name
test-812,B-last_name
test-813,B-last_name
test-814,B-last_name
test-815,B-last_name
test-816,B-last_name
test-817,B-last_name
test-818,B-last_name
test-819,B-last_name
test-820,B-last_name
test-821,B-last_name
test-822,B-last_name
test-823,B-last_name
test-824,B-last_name
test-825,B-last_name
test-826,B-last_name
test-827,B-last_name
test-828,B-last_name
test-829,B-last_name
test-830,B-last_name
test-831,B-last_name
test-832,B-last_name
test-833,B-last_name
test-834,B-last_name
test-835,B-last_name
test-836,B-last_name
test-837,B-last_name
test-838,O
test-839,B-last_name
test-840,B-last_name
test-841,B-last_name
test-842,B-last_name
test-843,B-last_name
test-844,B-last_name
test-845,B-last_name
test-846,B-last_name
test-847,B-last_name
test-848,B-last_name
test-849,B-last_name
test-850,B-last_name
test-851,B-last_name
test-852,B-last_name
test-853,B-last_name
test-854,B-last_name
test-855,B-last_name
test-856,B-last_name
test-857,B-last_name
test-858,B-last_name
test-859,B-last_name
test-860,B-last_name
test-861,B-last_name
test-862,B-last_name
test-863,B-last_name
test-864,B-last_name
test-865,B-last_name
test-866,B-last_name
test-867,B-last_name
test-868,B-last_name
test-869,B-last_name
test-870,B-last_name
test-871,B-last_name
test-872,B-last_name
test-873,B-last_name
test-874,B-last_name
test-875,B-last_name
test-876,B-last_name
test-877,B-last_name
test-878,B-last_name
test-879,B-last_name
test-880,B-last_name
test-881,B-last_name
test-882,B-last_name
test-883,B-last_name
test-884,B-last_name
test-885,B-last_name
test-886,B-last_name
test-887,B-last_name
test-888,B-last_name
test-889,B-last_name
test-890,B-last_name
test-891,B-last_name
test-892,B-last_name
test-893,B-last_name
test-894,B-last_name
test-895,B-last_name
test-896,B-last_name
test-897,B-last_name
test-898,B-last_name
test-899,B-last_name
test-900,B-last_name
test-901,B-last_name
test-902,B-last_name
test-903,B-last_name
test-904,B-last_name
test-905,B-last_name
test-906,B-last_name
test-907,B-last_name
test-908,B-last_name
test-909,B-last_name
test-910,B-last_name
test-911,B-last_name
test-912,B-last_name
test-913,B-last_name
test-914,B-last_name
test-915,B-last_name
test-916,B-last_name
test-917,B-last_name
test-918,B-last_name
test-919,B-last_name
test-920,B-last_name
test-921,B-last_name
test-922,B-last_name
test-923,B-last_name
test-924,B-last_name
test-925,B-last_name
test-926,B-last_name
test-927,B-last_name
test-928,B-last_name
test-929,B-last_name
test-930,B-last_name
test-931,B-last_name
test-932,B-last_name
test-933,B-last_name
test-934,B-last_name
test-935,B-last_name
test-936,O
test-937,B-last_name
test-938,B-last_name
test-939,B-last_name
test-940,B-last_name
test-941,B-last_name
test-942,B-last_name
test-943,B-last_name
test-944,B-last_name
test-945,B-last_name
test-946,B-last_name
test-947,B-last_name
test-948,B-last_name
test-949,B-last_name
test-950,B-last_name
test-951,B-last_name
test-952,B-last_name
test-953,B-last_name
test-954,B-last_name
test-955,B-last_name
test-956,B-last_name
test-957,B-last_name
test-958,B-last_name
test-959,B-last_name
test-960,B-last_name
test-961,B-last_name
test-962,B-last_name
test-963,B-last_name
test-964,B-last_name
test-965,B-last_name
test-966,B-last_name
test-967,B-last_name
test-968,B-last_name
test-969,B-last_name
test-970,B-last_name
test-971,B-last_name
test-972,B-last_name
test-973,B-last_name
test-974,B-last_name
test-975,B-last_name
test-976,B-last_name
test-977,B-last_name
test-978,B-last_name
test-979,B-last_name
test-980,B-last_name
test-981,B-last_name
test-982,B-last_name
test-983,B-last_name
test-984,B-last_name
test-985,B-last_name
test-986,B-last_name
test-987,B-last_name
test-988,B-last_name
test-989,B-last_name
test-990,B-last_name
test-991,B-last_name
test-992,B-last_name
test-993,B-last_name
test-994,B-last_name
test-995,B-last_name
test-996,B-last_name
test-997,B-last_name
test-998,B-last_name
test-999,B-last_name
test-1000,B-last_name
test-1001,B-last_name
test-1002,B-last_name
test-1003,B-last_name
test-1004,B-last_name
test-1005,B-last_name
test-1006,B-last_name
test-1007,B-last_name
test-1008,B-last_name
test-1009,B-last_name
test-1010,B-last_name
test-1011,B-last_name
test-1012,B-last_name
test-1013,B-last_name
test-1014,B-last_name
test-1015,B-last_name
test-1016,B-last_name
test-1017,B-last_name
test-1018,B-last_name
test-1019,B-last_name
test-1020,B-last_name
test-1021,B-last_name
test-1022,B-last_name
test-1023,B-last_name
test-1024,B-last_name
test-1025,O
test-1026,B-last_name
test-1027,B-last_name
test-1028,B-last_name
test-1029,B-last_name
test-1030,B-last_name
test-1031,B-last_name
test-1032,B-last_name
test-1033,B-last_name
test-1034,B-last_name
test-1035,B-last_name
test-1036,B-last_name
test-1037,B-last_name
test-1038,B-last_name
test-1039,B-last_name
test-1040,B-last_name
test-1041,B-last_name
test-1042,B-last_name
test-1043,B-last_name
test-1044,B-last_name
test-1045,B-last_name
test-1046,B-last_name
test-1047,B-last_name
test-1048,B-last_name
test-1049,B-last_name
test-1050,B-last_name
test-1051,B-last_name
test-1052,B-last_name
test-1053,B-last_name
test-1054,B-last_name
test-1055,O
test-1056,B-last_name
test-1057,B-last_name
test-1058,B-last_name
test-1059,B-last_name
test-1060,B-last_name
test-1061,B-last_name
test-1062,B-last_name
test-1063,B-last_name
test-1064,B-last_name
test-1065,B-last_name
test-1066,B-last_name
test-1067,B-last_name
test-1068,B-last_name
test-1069,B-last_name
test-1070,B-last_name
test-1071,B-last_name
test-1072,O
test-1073,B-last_name
test-1074,B-last_name
test-1075,B-last_name
test-1076,B-last_name
test-1077,O
test-1078,B-last_name
test-1079,B-last_name
test-1080,B-last_name
test-1081,B-last_name
test-1082,B-last_name
test-1083,B-last_name
test-1084,B-last_name
test-1085,B-last_name
test-1086,B-last_name
test-1087,B-last_name
test-1088,B-last_name
test-1089,B-last_name
test-1090,B-last_name
test-1091,B-last_name
test-1092,B-last_name
test-1093,B-last_name
test-1094,B-last_name
test-1095,B-last_name
test-1096,B-last_name
test-1097,B-last_name
test-1098,B-last_name
test-1099,B-last_name
test-1100,B-last_name
test-1101,B-last_name
test-1102,O
test-1103,B-last_name
test-1104,O
test-1105,B-last_name
test-1106,B-last_name
test-1107,B-last_name
test-1108,B-last_name
test-1109,B-last_name
test-1110,B-last_name
test-1111,B-last_name
test-1112,B-last_name
test-1113,B-last_name
test-1114,B-last_name
test-1115,O
test-1116,B-last_name
test-1117,B-last_name
test-1118,B-last_name
test-1119,B-last_name
test-1120,B-last_name
test-1121,B-last_name
test-1122,B-last_name
test-1123,B-last_name
test-1124,B-last_name
test-1125,B-last_name
test-1126,B-last_name
test-1127,B-last_name
test-1128,B-last_name
test-1129,O
test-1130,B-last_name
test-1131,B-last_name
test-1132,B-last_name
test-1133,B-last_name
test-1134,B-last_name
test-1135,B-last_name
test-1136,B-last_name
test-1137,B-last_name
test-1138,B-last_name
test-1139,B-last_name
test-1140,B-last_name
test-1141,B-last_name
test-1142,B-last_name
test-1143,B-last_name
test-1144,B-last_name
test-1145,B-last_name
test-1146,B-last_name
test-1147,B-last_name
test-1148,B-last_name
test-1149,B-last_name
test-1150,B-last_name
test-1151,O
test-1152,B-last_name
test-1153,B-last_name
test-1154,B-last_name
test-1155,B-last_name
test-1156,O
test-1157,B-last_name
test-1158,B-last_name
test-1159,B-last_name
test-1160,B-last_name
test-1161,B-last_name
test-1162,B-last_name
test-1163,B-last_name
test-1164,B-last_name
test-1165,B-last_name
test-1166,B-last_name
test-1167,B-last_name
test-1168,O
test-1169,B-last_name
test-1170,B-last_name
test-1171,B-last_name
test-1172,B-last_name
test-1173,B-last_name
test-1174,B-last_name
test-1175,O
test-1176,B-last_name
test-1177,B-last_name
test-1178,B-last_name
test-1179,B-last_name
test-1180,B-last_name
test-1181,B-last_name
test-1182,B-last_name
test-1183,B-last_name
test-1184,B-last_name
test-1185,O
test-1186,B-last_name
test-1187,B-last_name
test-1188,B-last_name
test-1189,B-last_name
test-1190,O
test-1191,B-last_name
test-1192,B-last_name
test-1193,B-last_name
test-1194,B-last_name
test-1195,B-last_name
test-1196,B-last_name
test-1197,B-last_name
test-1198,O
test-1199,B-last_name
test-1200,B-last_name
test-1201,B-last_name
test-1202,B-last_name
test-1203,B-last_name
test-1204,O
test-1205,B-last_name
test-1206,B-last_name
test-1207,B-last_name
test-1208,O
test-1209,B-last_name
test-1210,O
test-1211,B-last_name
test-1212,B-last_name
test-1213,B-last_name
test-1214,B-last_name
test-1215,B-last_name
test-1216,B-last_name
test-1217,B-last_name
test-1218,O
test-1219,B-last_name
test-1220,B-last_name
test-1221,O
test-1222,B-last_name
test-1223,B-last_name
test-1224,B-last_name
test-1225,B-last_name
test-1226,B-last_name
test-1227,B-last_name
test-1228,B-last_name
test-1229,B-last_name
test-1230,B-last_name
test-1231,B-last_name
test-1232,B-last_name
test-1233,B-last_name
test-1234,B-last_name
test-1235,B-last_name
test-1236,B-last_name
test-1237,B-last_name
test-1238,B-last_name
test-1239,B-last_name
test-1240,B-last_name
test-1241,B-last_name
test-1242,B-last_name
test-1243,B-last_name
test-1244,B-last_name
test-1245,B-last_name
test-1246,O
test-1247,B-last_name
test-1248,B-last_name
test-1249,B-last_name
test-1250,B-last_name
test-1251,B-last_name
test-1252,B-last_name
test-1253,B-last_name
test-1254,O
test-1255,B-last_name
test-1256,B-last_name
test-1257,B-last_name
test-1258,B-last_name
test-1259,O
test-1260,B-last_name
test-1261,B-last_name
test-1262,O
test-1263,B-last_name
test-1264,B-last_name
test-1265,B-last_name
test-1266,B-last_name
test-1267,B-last_name
test-1268,B-last_name
test-1269,B-last_name
test-1270,B-last_name
test-1271,B-last_name
test-1272,B-last_name
test-1273,O
test-1274,B-last_name
test-1275,B-last_name
test-1276,B-last_name
test-1277,B-last_name
test-1278,B-last_name
test-1279,O
test-1280,B-last_name
test-1281,B-last_name
test-1282,B-last_name
test-1283,B-last_name
test-1284,B-last_name
test-1285,B-last_name
test-1286,O
test-1287,B-last_name
test-1288,B-last_name
test-1289,B-last_name
test-1290,B-last_name
test-1291,B-last_name
test-1292,B-last_name
test-1293,B-last_name
test-1294,B-last_name
test-1295,B-last_name
test-1296,B-last_name
test-1297,B-last_name
test-1298,B-last_name
test-1299,O
test-1300,B-last_name
test-1301,B-last_name
test-1302,B-last_name
test-1303,B-last_name
test-1304,B-last_name
test-1305,B-last_name
test-1306,B-last_name
test-1307,B-last_name
test-1308,B-last_name
test-1309,B-last_name
test-1310,B-last_name
test-1311,B-last_name
test-1312,B-last_name
test-1313,B-last_name
test-1314,B-last_name
test-1315,B-last_name
test-1316,B-last_name
test-1317,B-last_name
test-1318,B-last_name
test-1319,B-last_name
test-1320,B-last_name
test-1321,B-last_name
test-1322,B-last_name
test-1323,B-last_name
test-1324,B-last_name
test-1325,B-last_name
test-1326,B-last_name
test-1327,B-last_name
test-1328,B-last_name
test-1329,B-last_name
test-1330,B-last_name
test-1331,B-last_name
test-1332,B-last_name
test-1333,B-last_name
test-1334,B-last_name
test-1335,B-last_name
test-1336,B-last_name
test-1337,B-last_name
test-1338,B-last_name
test-1339,B-last_name
test-1340,B-last_name
test-1341,O
test-1342,B-last_name
test-1343,B-last_name
test-1344,O
test-1345,B-last_name
test-1346,B-last_name
test-1347,B-last_name
test-1348,B-last_name
test-1349,B-last_name
test-1350,B-last_name
test-1351,B-last_name
test-1352,B-last_name
test-1353,B-last_name
test-1354,B-last_name
test-1355,B-last_name
test-1356,B-last_name
test-1357,B-last_name
test-1358,B-last_name
test-1359,B-last_name
test-1360,B-last_name
test-1361,B-last_name
test-1362,B-last_name
test-1363,B-last_name
test-1364,B-last_name
test-1365,B-last_name
test-1366,B-last_name
test-1367,B-last_name
test-1368,B-last_name
test-1369,B-last_name
test-1370,B-last_name
test-1371,B-last_name
test-1372,B-last_name
test-1373,B-last_name
test-1374,B-last_name
test-1375,B-last_name
test-1376,B-last_name
test-1377,B-last_name
test-1378,B-last_name
test-1379,B-last_name
test-1380,B-last_name
test-1381,B-last_name
test-1382,B-last_name
test-1383,B-last_name
test-1384,B-last_name
test-1385,B-last_name
test-1386,B-last_name
test-1387,B-last_name
test-1388,B-last_name
test-1389,B-last_name
test-1390,B-last_name
test-1391,B-last_name
test-1392,B-last_name
test-1393,B-last_name
test-1394,B-last_name
test-1395,B-last_name
test-1396,B-last_name
test-1397,O
test-1398,B-last_name
test-1399,B-last_name
test-1400,B-last_name
test-1401,B-last_name
test-1402,B-last_name
test-1403,B-last_name
test-1404,B-last_name
test-1405,B-last_name
test-1406,B-last_name
test-1407,B-last_name
test-1408,B-last_name
test-1409,B-last_name
test-1410,B-last_name
test-1411,B-last_name
test-1412,B-last_name
test-1413,B-last_name
test-1414,O
test-1415,B-last_name
test-1416,B-last_name
test-1417,B-last_name
test-1418,B-last_name
test-1419,B-last_name
test-1420,B-last_name
test-1421,B-last_name
test-1422,B-last_name
test-1423,B-last_name
test-1424,B-last_name
test-1425,B-last_name
test-1426,B-last_name
test-1427,B-last_name
test-1428,B-last_name
test-1429,B-last_name
test-1430,B-last_name
test-1431,B-last_name
test-1432,B-last_name
test-1433,B-last_name
test-1434,B-last_name
test-1435,B-last_name
test-1436,B-last_name
test-1437,B-last_name
test-1438,B-last_name
test-1439,B-last_name
test-1440,B-last_name
test-1441,B-last_name
test-1442,B-last_name
test-1443,B-last_name
test-1444,B-last_name
test-1445,B-last_name
test-1446,O
test-1447,B-last_name
test-1448,B-last_name
test-1449,B-last_name
test-1450,B-last_name
test-1451,B-last_name
test-1452,B-last_name
test-1453,B-last_name
test-1454,B-last_name
test-1455,B-last_name
test-1456,B-last_name
test-1457,B-last_name
test-1458,B-last_name
test-1459,B-last_name
test-1460,B-last_name
test-1461,B-last_name
test-1462,B-last_name
test-1463,B-last_name
test-1464,B-last_name
test-1465,B-last_name
test-1466,B-last_name
test-1467,O
test-1468,B-last_name
test-1469,B-last_name
test-1470,B-last_name
test-1471,B-last_name
test-1472,B-last_name
test-1473,B-last_name
test-1474,B-last_name
test-1475,B-time
test-1476,B-last_name
test-1477,B-last_name
test-1478,B-last_name
test-1479,B-last_name
test-1480,B-last_name
test-1481,B-last_name
test-1482,B-last_name
test-1483,B-last_name
test-1484,B-last_name
test-1485,B-last_name
test-1486,B-last_name
test-1487,B-last_name
test-1488,B-last_name
test-1489,O
test-1490,B-last_name
test-1491,B-last_name
test-1492,B-last_name
test-1493,B-last_name
test-1494,B-last_name
test-1495,B-last_name
test-1496,B-last_name
test-1497,B-last_name
test-1498,B-last_name
test-1499,B-last_name
test-1500,B-last_name
test-1501,B-last_name
test-1502,B-last_name
test-1503,B-last_name
test-1504,B-last_name
test-1505,B-last_name
test-1506,B-last_name
test-1507,B-last_name
test-1508,B-last_name
test-1509,B-last_name
test-1510,B-last_name
test-1511,B-last_name
test-1512,B-last_name
test-1513,O
test-1514,B-last_name
test-1515,B-last_name
test-1516,O
test-1517,B-last_name
test-1518,B-last_name
test-1519,B-last_name
test-1520,B-last_name
test-1521,B-last_name
test-1522,B-last_name
test-1523,B-last_name
test-1524,B-last_name
test-1525,B-last_name
test-1526,B-last_name
test-1527,B-last_name
test-1528,B-last_name
test-1529,B-last_name
test-1530,B-last_name
test-1531,B-last_name
test-1532,B-last_name
test-1533,B-last_name
test-1534,B-last_name
test-1535,B-last_name
test-1536,B-last_name
test-1537,O
test-1538,B-last_name
test-1539,B-last_name
test-1540,B-last_name
test-1541,B-last_name
test-1542,B-last_name
test-1543,O
test-1544,O
test-1545,B-last_name
test-1546,O
test-1547,B-last_name
test-1548,B-last_name
test-1549,B-last_name
test-1550,B-last_name
test-1551,B-last_name
test-1552,B-last_name
test-1553,B-last_name
test-1554,O
test-1555,B-last_name
test-1556,B-last_name
test-1557,B-last_name
test-1558,B-last_name
test-1559,B-last_name
test-1560,B-last_name
test-1561,B-last_name
test-1562,B-last_name
test-1563,B-last_name
test-1564,B-last_name
test-1565,B-last_name
test-1566,O
test-1567,B-last_name
test-1568,B-last_name
test-1569,B-last_name
test-1570,B-last_name
test-1571,B-last_name
test-1572,B-last_name
test-1573,B-last_name
test-1574,B-last_name
test-1575,B-last_name
test-1576,B-last_name
test-1577,B-last_name
test-1578,B-last_name
test-1579,O
test-1580,B-last_name
test-1581,B-last_name
test-1582,B-last_name
test-1583,B-last_name
test-1584,B-last_name
test-1585,B-last_name
test-1586,B-last_name
test-1587,B-last_name
test-1588,B-last_name
test-1589,B-last_name
test-1590,B-last_name
test-1591,B-last_name
test-1592,B-last_name
test-1593,O
test-1594,B-last_name
test-1595,B-last_name
test-1596,B-last_name
test-1597,B-last_name
test-1598,B-last_name
test-1599,B-last_name
test-1600,B-last_name
test-1601,B-last_name
test-1602,B-last_name
test-1603,B-last_name
test-1604,O
test-1605,B-last_name
test-1606,B-last_name
test-1607,B-last_name
test-1608,B-last_name
test-1609,B-last_name
test-1610,O
test-1611,O
test-1612,O
test-1613,B-last_name
test-1614,B-last_name
test-1615,B-last_name
test-1616,O
test-1617,B-last_name
test-1618,B-last_name
test-1619,B-last_name
test-1620,B-last_name
test-1621,B-last_name
test-1622,B-last_name
test-1623,B-last_name
test-1624,B-last_name
test-1625,B-last_name
test-1626,B-last_name
test-1627,B-last_name
test-1628,B-last_name
test-1629,O
test-1630,O
test-1631,B-last_name
test-1632,O
test-1633,B-last_name
test-1634,B-last_name
test-1635,B-last_name
test-1636,B-last_name
test-1637,B-last_name
test-1638,O
test-1639,O
test-1640,B-last_name
test-1641,B-last_name
test-1642,B-last_name
test-1643,O
test-1644,B-last_name
test-1645,B-last_name
test-1646,B-last_name
test-1647,B-last_name
test-1648,B-last_name
test-1649,B-last_name
test-1650,O
test-1651,O
test-1652,B-last_name
test-1653,B-last_name
test-1654,B-last_name
test-1655,B-last_name
test-1656,B-last_name
test-1657,O
test-1658,B-last_name
test-1659,B-last_name
test-1660,B-last_name
test-1661,B-last_name
test-1662,B-last_name
test-1663,B-last_name
test-1664,B-last_name
test-1665,B-last_name
test-1666,B-last_name
test-1667,B-last_name
test-1668,B-last_name
test-1669,B-last_name
test-1670,B-last_name
test-1671,B-last_name
test-1672,B-last_name
test-1673,B-last_name
test-1674,B-last_name
test-1675,B-last_name
test-1676,B-last_name
test-1677,B-last_name
test-1678,B-last_name
test-1679,B-last_name
test-1680,B-last_name
test-1681,B-last_name
test-1682,B-last_name
test-1683,B-last_name
test-1684,B-last_name
test-1685,B-last_name
test-1686,B-last_name
test-1687,B-last_name
test-1688,B-last_name
test-1689,B-last_name
test-1690,B-last_name
test-1691,B-last_name
test-1692,O
test-1693,B-last_name
test-1694,B-last_name
test-1695,B-last_name
test-1696,B-last_name
test-1697,B-last_name
test-1698,B-last_name
test-1699,B-last_name
test-1700,B-last_name
test-1701,B-last_name
test-1702,B-last_name
test-1703,B-last_name
test-1704,B-last_name
test-1705,B-last_name
test-1706,B-last_name
test-1707,B-last_name
test-1708,B-last_name
test-1709,B-last_name
test-1710,B-last_name
test-1711,B-last_name
test-1712,B-last_name
test-1713,B-last_name
test-1714,B-last_name
test-1715,B-last_name
test-1716,B-last_name
test-1717,B-last_name
test-1718,B-last_name
test-1719,B-last_name
test-1720,B-last_name
test-1721,B-last_name
test-1722,B-last_name
test-1723,B-last_name
test-1724,B-last_name
test-1725,B-last_name
test-1726,B-last_name
test-1727,B-last_name
test-1728,B-last_name
test-1729,B-last_name
test-1730,B-last_name
test-1731,B-last_name
test-1732,B-last_name
test-1733,B-last_name
test-1734,O
test-1735,B-last_name
test-1736,B-last_name
test-1737,B-last_name
test-1738,B-last_name
test-1739,B-last_name
test-1740,B-last_name
test-1741,B-last_name
test-1742,B-last_name
test-1743,B-last_name
test-1744,B-last_name
test-1745,O
test-1746,B-last_name
test-1747,B-last_name
test-1748,B-last_name
test-1749,B-last_name
test-1750,B-last_name
test-1751,B-last_name
test-1752,B-last_name
test-1753,B-last_name
test-1754,B-last_name
test-1755,O
test-1756,B-last_name
test-1757,B-last_name
test-1758,B-last_name
test-1759,B-last_name
test-1760,B-last_name
test-1761,B-last_name
test-1762,B-last_name
test-1763,B-last_name
test-1764,B-last_name
test-1765,O
test-1766,B-last_name
test-1767,B-last_name
test-1768,B-last_name
test-1769,B-last_name
test-1770,B-last_name
test-1771,B-last_name
test-1772,B-last_name
test-1773,B-last_name
test-1774,B-last_name
test-1775,B-last_name
test-1776,B-last_name
test-1777,B-last_name
test-1778,B-last_name
test-1779,B-last_name
test-1780,B-last_name
test-1781,B-last_name
test-1782,B-last_name
test-1783,B-last_name
test-1784,B-last_name
test-1785,B-last_name
test-1786,B-last_name
test-1787,B-last_name
test-1788,B-last_name
test-1789,B-last_name
test-1790,B-last_name
test-1791,B-last_name
test-1792,B-last_name
test-1793,B-last_name
test-1794,B-last_name
test-1795,B-last_name
test-1796,B-last_name
test-1797,B-last_name
test-1798,B-last_name
test-1799,B-last_name
test-1800,B-last_name
test-1801,B-last_name
test-1802,B-last_name
test-1803,O
test-1804,B-last_name
test-1805,B-last_name
test-1806,B-last_name
test-1807,B-last_name
test-1808,B-last_name
test-1809,B-last_name
test-1810,B-last_name
test-1811,B-last_name
test-1812,B-last_name
test-1813,B-last_name
test-1814,B-last_name
test-1815,B-last_name
test-1816,B-last_name
test-1817,B-last_name
test-1818,B-last_name
test-1819,B-last_name
test-1820,B-last_name
test-1821,B-last_name
test-1822,B-last_name
test-1823,B-last_name
test-1824,O
test-1825,B-last_name
test-1826,B-last_name
test-1827,B-last_name
test-1828,B-last_name
test-1829,B-last_name
test-1830,B-last_name
test-1831,B-last_name
test-1832,B-last_name
test-1833,B-last_name
test-1834,B-last_name
test-1835,B-last_name
test-1836,B-last_name
test-1837,B-last_name
test-1838,B-last_name
test-1839,B-last_name
test-1840,B-last_name
test-1841,B-last_name
test-1842,B-last_name
test-1843,B-last_name
test-1844,B-last_name
test-1845,B-last_name
test-1846,B-last_name
test-1847,B-last_name
test-1848,B-last_name
test-1849,B-last_name
test-1850,B-last_name
test-1851,B-last_name
test-1852,B-last_name
test-1853,B-last_name
test-1854,B-last_name
test-1855,B-last_name
test-1856,B-last_name
test-1857,B-last_name
test-1858,B-last_name
test-1859,B-last_name
test-1860,B-last_name
test-1861,B-last_name
test-1862,B-last_name
test-1863,B-last_name
test-1864,O
test-1865,B-last_name
test-1866,B-last_name
test-1867,B-last_name
test-1868,B-last_name
test-1869,B-last_name
test-1870,B-last_name
test-1871,B-last_name
test-1872,B-last_name
test-1873,B-last_name
test-1874,B-last_name
test-1875,B-last_name
test-1876,B-last_name
test-1877,B-last_name
test-1878,B-last_name
test-1879,B-last_name
test-1880,B-last_name
test-1881,B-last_name
test-1882,B-last_name
test-1883,B-last_name
test-1884,B-last_name
test-1885,B-last_name
test-1886,B-last_name
test-1887,B-last_name
test-1888,O
test-1889,B-last_name
test-1890,B-last_name
test-1891,B-last_name
test-1892,B-last_name
test-1893,O
test-1894,B-last_name
test-1895,B-last_name
test-1896,B-last_name
test-1897,B-last_name
test-1898,B-last_name
test-1899,B-last_name
test-1900,B-last_name
test-1901,B-last_name
test-1902,B-last_name
test-1903,B-last_name
test-1904,B-last_name
test-1905,B-last_name
test-1906,B-last_name
test-1907,B-last_name
test-1908,O
test-1909,B-last_name
test-1910,B-last_name
test-1911,B-last_name
test-1912,B-last_name
test-1913,B-last_name
test-1914,B-last_name
test-1915,B-last_name
test-1916,B-last_name
test-1917,B-last_name
test-1918,B-last_name
test-1919,B-last_name
test-1920,B-last_name
test-1921,B-last_name
test-1922,B-last_name
test-1923,B-last_name
test-1924,B-last_name
test-1925,B-last_name
test-1926,B-last_name
test-1927,B-last_name
test-1928,B-last_name
test-1929,B-last_name
test-1930,B-last_name
test-1931,B-last_name
test-1932,B-last_name
test-1933,B-last_name
test-1934,O
test-1935,B-last_name
test-1936,B-last_name
test-1937,B-last_name
test-1938,B-last_name
test-1939,B-last_name
test-1940,B-last_name
test-1941,B-last_name
test-1942,B-last_name
test-1943,B-last_name
test-1944,B-last_name
test-1945,B-last_name
test-1946,B-last_name
test-1947,B-last_name
test-1948,B-last_name
test-1949,B-last_name
test-1950,B-last_name
test-1951,B-last_name
test-1952,B-last_name
test-1953,B-last_name
test-1954,B-last_name
test-1955,B-last_name
test-1956,B-last_name
test-1957,B-last_name
test-1958,B-last_name
test-1959,B-last_name
test-1960,B-last_name
test-1961,B-last_name
test-1962,B-last_name
test-1963,B-last_name
test-1964,B-last_name
test-1965,B-last_name
test-1966,B-last_name
test-1967,B-last_name
test-1968,B-last_name
test-1969,B-last_name
test-1970,B-last_name
test-1971,B-last_name
test-1972,B-last_name
test-1973,B-last_name
test-1974,B-last_name
test-1975,B-last_name
test-1976,B-last_name
test-1977,B-last_name
test-1978,B-last_name
test-1979,B-last_name
test-1980,B-last_name
test-1981,B-last_name
test-1982,B-last_name
test-1983,B-last_name
test-1984,B-last_name
test-1985,B-last_name
test-1986,B-last_name
test-1987,B-last_name
test-1988,B-last_name
test-1989,B-last_name
test-1990,B-last_name
test-1991,B-last_name
test-1992,B-last_name
test-1993,B-last_name
test-1994,B-last_name
test-1995,B-last_name
test-1996,B-last_name
test-1997,B-last_name
test-1998,B-last_name
test-1999,B-last_name
test-2000,B-last_name
test-2001,B-last_name
test-2002,B-last_name
test-2003,B-last_name
test-2004,B-last_name
test-2005,B-last_name
test-2006,B-last_name
test-2007,B-last_name
test-2008,B-last_name
test-2009,B-last_name
test-2010,B-last_name
test-2011,B-last_name
test-2012,B-last_name
test-2013,O
test-2014,B-last_name
test-2015,B-last_name
test-2016,B-last_name
test-2017,B-last_name
test-2018,B-last_name
test-2019,B-last_name
test-2020,B-last_name
test-2021,B-last_name
test-2022,B-last_name
test-2023,B-last_name
test-2024,B-last_name
test-2025,B-last_name
test-2026,B-last_name
test-2027,B-last_name
test-2028,B-last_name
test-2029,B-last_name
test-2030,B-last_name
test-2031,B-last_name
test-2032,B-last_name
test-2033,B-last_name
test-2034,B-last_name
test-2035,B-last_name
test-2036,B-last_name
test-2037,B-last_name
test-2038,B-last_name
test-2039,B-last_name
test-2040,B-last_name
test-2041,B-last_name
test-2042,B-last_name
test-2043,B-last_name
test-2044,B-last_name
test-2045,B-last_name
test-2046,B-last_name
test-2047,B-last_name
test-2048,B-last_name
test-2049,B-last_name
test-2050,B-last_name
test-2051,B-last_name
test-2052,B-last_name
test-2053,B-last_name
test-2054,B-last_name
test-2055,B-last_name
test-2056,B-last_name
test-2057,B-last_name
test-2058,B-last_name
test-2059,B-last_name
test-2060,B-last_name
test-2061,O
test-2062,B-last_name
test-2063,B-last_name
test-2064,B-last_name
test-2065,B-last_name
test-2066,B-last_name
test-2067,B-last_name
test-2068,B-last_name
test-2069,B-last_name
test-2070,B-last_name
test-2071,B-last_name
test-2072,B-last_name
test-2073,B-last_name
test-2074,B-last_name
test-2075,B-last_name
test-2076,B-last_name
test-2077,B-last_name
test-2078,B-last_name
test-2079,B-last_name
test-2080,B-last_name
test-2081,B-last_name
test-2082,B-last_name
test-2083,B-last_name
test-2084,B-last_name
test-2085,B-last_name
test-2086,B-last_name
test-2087,B-last_name
test-2088,B-last_name
test-2089,B-last_name
test-2090,B-last_name
test-2091,B-last_name
test-2092,B-last_name
test-2093,B-last_name
test-2094,B-last_name
test-2095,B-last_name
test-2096,B-last_name
test-2097,B-last_name
test-2098,B-last_name
test-2099,B-last_name
test-2100,B-last_name
test-2101,B-last_name
test-2102,B-last_name
test-2103,B-last_name
test-2104,B-last_name
test-2105,B-last_name
test-2106,B-last_name
test-2107,B-last_name
test-2108,B-last_name
test-2109,B-last_name
test-2110,B-last_name
test-2111,B-last_name
test-2112,B-last_name
test-2113,B-last_name
test-2114,B-last_name
test-2115,B-last_name
test-2116,B-last_name
test-2117,B-last_name
test-2118,B-last_name
test-2119,B-last_name
test-2120,B-last_name
test-2121,B-last_name
test-2122,B-last_name
test-2123,B-last_name
test-2124,B-last_name
test-2125,B-last_name
test-2126,O
test-2127,B-last_name
test-2128,B-last_name
test-2129,B-last_name
test-2130,B-last_name
test-2131,B-last_name
test-2132,B-last_name
test-2133,B-last_name
test-2134,B-last_name
test-2135,B-last_name
test-2136,B-last_name
test-2137,B-last_name
test-2138,B-last_name
test-2139,B-last_name
test-2140,B-last_name
test-2141,B-last_name
test-2142,B-last_name
test-2143,B-last_name
test-2144,B-last_name
test-2145,B-last_name
test-2146,B-last_name
test-2147,B-last_name
test-2148,B-last_name
test-2149,B-last_name
test-2150,B-last_name
test-2151,B-last_name
test-2152,B-last_name
test-2153,B-last_name
test-2154,B-last_name
test-2155,B-last_name
test-2156,B-last_name
test-2157,B-last_name
test-2158,B-last_name
test-2159,B-last_name
test-2160,B-last_name
test-2161,B-last_name
test-2162,B-last_name
test-2163,B-last_name
test-2164,B-last_name
test-2165,B-last_name
test-2166,B-last_name
test-2167,B-last_name
test-2168,B-last_name
test-2169,B-last_name
test-2170,B-last_name
test-2171,B-last_name
test-2172,B-last_name
test-2173,B-last_name
test-2174,B-last_name
test-2175,B-last_name
test-2176,B-last_name
test-2177,B-last_name
test-2178,B-last_name
test-2179,B-last_name
test-2180,B-last_name
test-2181,B-last_name
test-2182,B-last_name
test-2183,B-last_name
test-2184,B-last_name
test-2185,B-last_name
test-2186,B-last_name
test-2187,B-last_name
test-2188,B-last_name
test-2189,B-last_name
test-2190,B-last_name
test-2191,B-last_name
test-2192,B-last_name
test-2193,B-last_name
test-2194,B-last_name
test-2195,B-last_name
test-2196,B-last_name
test-2197,B-last_name
test-2198,B-last_name
test-2199,B-last_name
test-2200,B-last_name
test-2201,B-last_name
test-2202,B-last_name
test-2203,B-last_name
test-2204,B-last_name
test-2205,B-last_name
test-2206,B-last_name
test-2207,B-last_name
test-2208,B-last_name
test-2209,B-last_name
test-2210,B-last_name
test-2211,B-last_name
test-2212,B-last_name
test-2213,B-last_name
test-2214,B-last_name
test-2215,B-last_name
test-2216,B-last_name
test-2217,B-last_name
test-2218,B-last_name
test-2219,B-last_name
test-2220,B-last_name
test-2221,B-last_name
test-2222,B-last_name
test-2223,B-last_name
test-2224,B-last_name
test-2225,B-last_name
test-2226,B-last_name
test-2227,B-last_name
test-2228,O
test-2229,B-last_name
test-2230,B-last_name
test-2231,B-last_name
test-2232,B-last_name
test-2233,B-last_name
test-2234,B-last_name
test-2235,B-last_name
test-2236,B-last_name
test-2237,B-last_name
test-2238,B-last_name
test-2239,B-last_name
test-2240,O
test-2241,B-last_name
test-2242,B-last_name
test-2243,B-last_name
test-2244,B-last_name
test-2245,B-last_name
test-2246,B-last_name
test-2247,B-last_name
test-2248,O
test-2249,B-last_name
test-2250,B-last_name
test-2251,B-last_name
test-2252,B-last_name
test-2253,B-last_name
test-2254,B-last_name
test-2255,B-last_name
test-2256,B-last_name
test-2257,B-last_name
test-2258,B-last_name
test-2259,B-last_name
test-2260,B-last_name
test-2261,B-last_name
test-2262,B-last_name
test-2263,B-last_name
test-2264,B-last_name
test-2265,B-last_name
test-2266,B-last_name
test-2267,B-last_name
test-2268,B-last_name
test-2269,B-last_name
test-2270,B-last_name
test-2271,B-last_name
test-2272,B-last_name
test-2273,B-last_name
test-2274,B-last_name
test-2275,B-last_name
test-2276,B-last_name
test-2277,B-last_name
test-2278,B-last_name
test-2279,B-last_name
test-2280,B-last_name
test-2281,B-last_name
test-2282,B-last_name
test-2283,B-last_name
test-2284,B-last_name
test-2285,B-last_name
test-2286,B-last_name
test-2287,B-last_name
test-2288,B-last_name
test-2289,B-last_name
test-2290,B-last_name
test-2291,B-last_name
test-2292,B-last_name
test-2293,B-last_name
test-2294,B-last_name
test-2295,B-last_name
test-2296,O
test-2297,B-last_name
test-2298,B-last_name
test-2299,O
test-2300,B-last_name
test-2301,B-last_name
test-2302,B-last_name
test-2303,B-last_name
test-2304,B-last_name
test-2305,O
test-2306,B-last_name
test-2307,B-last_name
test-2308,B-last_name
test-2309,B-last_name
test-2310,B-last_name
test-2311,B-last_name
test-2312,B-last_name
test-2313,B-last_name
test-2314,B-last_name
test-2315,O
test-2316,B-last_name
test-2317,B-last_name
test-2318,B-last_name
test-2319,B-last_name
test-2320,B-last_name
test-2321,B-last_name
test-2322,B-last_name
test-2323,B-last_name
test-2324,O
test-2325,B-last_name
test-2326,B-last_name
test-2327,B-last_name
test-2328,B-last_name
test-2329,B-last_name
test-2330,B-last_name
test-2331,B-last_name
test-2332,B-last_name
test-2333,B-last_name
test-2334,B-last_name
test-2335,B-last_name
test-2336,B-last_name
test-2337,B-last_name
test-2338,B-last_name
test-2339,B-last_name
test-2340,B-last_name
test-2341,B-last_name
test-2342,B-last_name
test-2343,B-last_name
test-2344,B-last_name
test-2345,B-last_name
test-2346,B-last_name
test-2347,B-last_name
test-2348,B-last_name
test-2349,B-last_name
test-2350,O
test-2351,B-last_name
test-2352,B-last_name
test-2353,B-last_name
test-2354,B-last_name
test-2355,B-last_name
test-2356,B-last_name
test-2357,B-last_name
test-2358,B-last_name
test-2359,B-last_name
test-2360,B-last_name
test-2361,B-last_name
test-2362,B-last_name
test-2363,B-last_name
test-2364,B-last_name
test-2365,B-last_name
test-2366,B-last_name
test-2367,B-last_name
test-2368,B-last_name
test-2369,B-last_name
test-2370,B-last_name
test-2371,B-last_name
test-2372,B-last_name
test-2373,B-last_name
test-2374,B-last_name
test-2375,O
test-2376,B-last_name
test-2377,O
test-2378,B-last_name
test-2379,B-last_name
test-2380,O
test-2381,B-last_name
test-2382,B-last_name
test-2383,B-last_name
test-2384,B-last_name
test-2385,B-last_name
test-2386,B-last_name
test-2387,B-last_name
test-2388,B-last_name
test-2389,B-last_name
test-2390,B-last_name
test-2391,B-last_name
test-2392,B-last_name
test-2393,B-last_name
test-2394,B-last_name
test-2395,B-last_name
test-2396,B-last_name
test-2397,B-last_name
test-2398,B-last_name
test-2399,B-last_name
test-2400,B-last_name
test-2401,B-last_name
test-2402,B-last_name
test-2403,B-last_name
test-2404,B-last_name
test-2405,O
test-2406,B-last_name
test-2407,O
test-2408,B-last_name
test-2409,O
test-2410,B-last_name
test-2411,O
test-2412,B-last_name
test-2413,B-last_name
test-2414,B-last_name
test-2415,B-last_name
test-2416,B-last_name
test-2417,B-last_name
test-2418,B-last_name
test-2419,B-last_name
test-2420,B-last_name
test-2421,B-last_name
test-2422,B-last_name
test-2423,B-last_name
test-2424,B-last_name
test-2425,B-last_name
test-2426,B-last_name
test-2427,B-last_name
test-2428,B-last_name
test-2429,B-last_name
test-2430,B-last_name
test-2431,B-last_name
test-2432,B-last_name
test-2433,B-last_name
test-2434,B-last_name
test-2435,B-last_name
test-2436,B-last_name
test-2437,B-last_name
test-2438,B-last_name
test-2439,B-last_name
test-2440,B-last_name
test-2441,B-last_name
test-2442,B-last_name
test-2443,B-last_name
test-2444,B-last_name
test-2445,B-last_name
test-2446,B-last_name
test-2447,B-last_name
test-2448,B-last_name
test-2449,B-last_name
test-2450,B-last_name
test-2451,B-last_name
test-2452,B-last_name
test-2453,B-last_name
test-2454,B-last_name
test-2455,B-last_name
test-2456,B-last_name
test-2457,B-last_name
test-2458,B-last_name
test-2459,B-last_name
test-2460,B-last_name
test-2461,B-last_name
test-2462,B-last_name
test-2463,B-last_name
test-2464,B-last_name
test-2465,B-last_name
test-2466,B-last_name
test-2467,B-last_name
test-2468,B-last_name
test-2469,B-last_name
test-2470,B-last_name
test-2471,B-last_name
test-2472,B-last_name
test-2473,B-last_name
test-2474,B-last_name
test-2475,B-last_name
test-2476,B-last_name
test-2477,B-last_name
test-2478,O
test-2479,B-last_name
test-2480,B-last_name
test-2481,B-last_name
test-2482,B-last_name
test-2483,B-last_name
test-2484,B-last_name
test-2485,B-last_name
test-2486,B-last_name
test-2487,B-last_name
test-2488,B-last_name
test-2489,B-last_name
test-2490,B-last_name
test-2491,B-last_name
test-2492,B-last_name
test-2493,B-last_name
test-2494,B-last_name
test-2495,B-last_name
test-2496,B-last_name
test-2497,B-last_name
test-2498,B-last_name
test-2499,B-last_name
test-2500,B-last_name
test-2501,B-last_name
test-2502,B-last_name
test-2503,B-last_name
test-2504,B-last_name
test-2505,B-last_name
test-2506,B-last_name
test-2507,B-last_name
test-2508,B-last_name
test-2509,B-last_name
test-2510,B-last_name
test-2511,B-last_name
test-2512,B-last_name
test-2513,B-last_name
test-2514,B-last_name
test-2515,B-last_name
test-2516,B-last_name
test-2517,O
test-2518,B-last_name
test-2519,B-last_name
test-2520,B-last_name
test-2521,B-last_name
test-2522,B-last_name
test-2523,B-last_name
test-2524,B-last_name
test-2525,B-last_name
test-2526,B-last_name
test-2527,B-last_name
test-2528,B-last_name
test-2529,B-last_name
test-2530,B-last_name
test-2531,B-last_name
test-2532,O
test-2533,B-last_name
test-2534,B-last_name
test-2535,B-last_name
test-2536,B-last_name
test-2537,B-last_name
test-2538,B-last_name
test-2539,B-last_name
test-2540,B-last_name
test-2541,B-last_name
test-2542,B-last_name
test-2543,B-last_name
test-2544,B-last_name
test-2545,B-last_name
test-2546,B-last_name
test-2547,B-last_name
test-2548,B-last_name
test-2549,B-last_name
test-2550,B-last_name
test-2551,B-last_name
test-2552,B-last_name
test-2553,B-last_name
test-2554,B-last_name
test-2555,B-last_name
test-2556,B-last_name
test-2557,B-last_name
test-2558,B-last_name
test-2559,B-last_name
test-2560,B-last_name
test-2561,B-last_name
test-2562,B-last_name
test-2563,B-last_name
test-2564,B-last_name
test-2565,B-last_name
test-2566,B-last_name
test-2567,B-last_name
test-2568,B-last_name
test-2569,B-last_name
test-2570,B-last_name
test-2571,B-last_name
test-2572,B-last_name
test-2573,B-last_name
test-2574,B-last_name
test-2575,B-last_name
test-2576,B-last_name
test-2577,B-last_name
test-2578,B-last_name
test-2579,B-last_name
test-2580,B-last_name
test-2581,O
test-2582,B-last_name
test-2583,B-last_name
test-2584,B-last_name
test-2585,B-last_name
test-2586,B-last_name
test-2587,B-last_name
test-2588,B-last_name
test-2589,B-last_name
test-2590,B-last_name
test-2591,B-last_name
test-2592,B-last_name
test-2593,B-last_name
test-2594,B-last_name
test-2595,B-last_name
test-2596,B-last_name
test-2597,O
test-2598,B-last_name
test-2599,B-last_name
test-2600,B-last_name
test-2601,O
test-2602,B-last_name
test-2603,B-last_name
test-2604,B-last_name
test-2605,B-last_name
test-2606,B-last_name
test-2607,B-last_name
test-2608,O
test-2609,B-last_name
test-2610,O
test-2611,B-last_name
test-2612,B-last_name
test-2613,B-last_name
test-2614,B-last_name
test-2615,B-last_name
test-2616,B-last_name
test-2617,B-last_name
test-2618,B-last_name
test-2619,B-last_name
test-2620,B-last_name
test-2621,B-last_name
test-2622,B-last_name
test-2623,O
test-2624,B-last_name
test-2625,B-last_name
test-2626,B-last_name
test-2627,B-last_name
test-2628,B-last_name
test-2629,B-last_name
test-2630,B-last_name
test-2631,B-last_name
test-2632,B-last_name
test-2633,B-last_name
test-2634,B-last_name
test-2635,B-last_name
test-2636,B-last_name
test-2637,B-last_name
test-2638,B-last_name
test-2639,B-last_name
test-2640,B-last_name
test-2641,B-last_name
test-2642,B-last_name
test-2643,B-last_name
test-2644,B-last_name
test-2645,B-last_name
test-2646,B-last_name
test-2647,B-last_name
test-2648,B-last_name
test-2649,B-last_name
test-2650,B-last_name
test-2651,B-last_name
test-2652,B-last_name
test-2653,B-last_name
test-2654,B-last_name
test-2655,B-last_name
test-2656,B-last_name
test-2657,B-last_name
test-2658,B-last_name
test-2659,B-last_name
test-2660,B-last_name
test-2661,B-last_name
test-2662,B-last_name
test-2663,B-last_name
test-2664,B-last_name
test-2665,B-last_name
test-2666,B-last_name
test-2667,B-last_name
test-2668,B-last_name
test-2669,B-last_name
test-2670,B-last_name
test-2671,B-last_name
test-2672,B-last_name
test-2673,B-last_name
test-2674,B-last_name
test-2675,B-last_name
test-2676,B-last_name
test-2677,B-last_name
test-2678,B-last_name
test-2679,B-last_name
test-2680,O
test-2681,O
test-2682,B-last_name
test-2683,B-last_name
test-2684,B-last_name
test-2685,B-last_name
test-2686,B-last_name
test-2687,B-last_name
test-2688,B-last_name
test-2689,B-last_name
test-2690,O
test-2691,B-last_name
test-2692,B-last_name
test-2693,B-last_name
test-2694,B-last_name
test-2695,B-last_name
test-2696,O
test-2697,O
test-2698,B-last_name
test-2699,O
test-2700,B-last_name
test-2701,B-last_name
test-2702,O
test-2703,B-last_name
test-2704,B-last_name
test-2705,B-last_name
test-2706,B-last_name
test-2707,B-last_name
test-2708,B-last_name
test-2709,B-last_name
test-2710,B-last_name
test-2711,O
test-2712,B-last_name
test-2713,B-last_name
test-2714,B-last_name
test-2715,B-last_name
test-2716,O
test-2717,B-last_name
test-2718,B-last_name
test-2719,B-last_name
test-2720,B-last_name
test-2721,B-last_name
test-2722,B-last_name
test-2723,B-last_name
test-2724,B-last_name
test-2725,B-last_name
test-2726,O
test-2727,B-last_name
test-2728,B-last_name
test-2729,B-last_name
test-2730,B-last_name
test-2731,B-last_name
test-2732,B-last_name
test-2733,O
test-2734,O
test-2735,B-last_name
test-2736,B-last_name
test-2737,B-last_name
test-2738,B-last_name
test-2739,B-last_name
test-2740,B-last_name
test-2741,B-last_name
test-2742,B-last_name
test-2743,B-last_name
test-2744,B-last_name
test-2745,B-last_name
test-2746,B-last_name
test-2747,B-last_name
test-2748,B-last_name
test-2749,B-last_name
test-2750,B-last_name
test-2751,B-last_name
test-2752,B-last_name
test-2753,B-last_name
test-2754,B-last_name
test-2755,O
test-2756,B-last_name
test-2757,B-last_name
test-2758,B-last_name
test-2759,B-last_name
test-2760,O
test-2761,B-last_name
test-2762,B-last_name
test-2763,O
test-2764,B-last_name
test-2765,B-last_name
test-2766,B-last_name
test-2767,B-last_name
test-2768,B-last_name
test-2769,O
test-2770,B-last_name
test-2771,B-last_name
test-2772,B-last_name
test-2773,B-last_name
test-2774,B-last_name
test-2775,B-last_name
test-2776,B-last_name
test-2777,B-last_name
test-2778,B-last_name
test-2779,B-last_name
test-2780,B-last_name
test-2781,B-last_name
test-2782,B-last_name
test-2783,B-last_name
test-2784,B-last_name
test-2785,B-last_name
test-2786,B-last_name
test-2787,B-last_name
test-2788,B-last_name
test-2789,B-last_name
test-2790,B-last_name
test-2791,O
test-2792,B-last_name
test-2793,B-last_name
test-2794,B-last_name
test-2795,B-last_name
test-2796,B-last_name
test-2797,B-last_name
test-2798,O
test-2799,O
test-2800,B-last_name
test-2801,B-last_name
test-2802,B-last_name
test-2803,O
test-2804,B-last_name
test-2805,B-last_name
test-2806,B-last_name
test-2807,B-last_name
test-2808,B-last_name
test-2809,O
test-2810,B-last_name
test-2811,B-last_name
test-2812,O
test-2813,B-last_name
test-2814,O
test-2815,B-last_name
test-2816,B-last_name
test-2817,B-last_name
test-2818,B-last_name
test-2819,B-last_name
test-2820,B-last_name
test-2821,B-last_name
test-2822,B-last_name
test-2823,B-last_name
test-2824,B-last_name
test-2825,B-last_name
test-2826,B-last_name
test-2827,O
test-2828,B-last_name
test-2829,B-last_name
test-2830,B-last_name
test-2831,B-last_name
test-2832,B-last_name
test-2833,B-last_name
test-2834,B-last_name
test-2835,B-last_name
test-2836,B-last_name
test-2837,B-last_name
test-2838,O
test-2839,B-last_name
test-2840,B-last_name
test-2841,B-last_name
test-2842,B-last_name
test-2843,O
test-2844,B-last_name
test-2845,B-last_name
test-2846,B-last_name
test-2847,B-last_name
test-2848,B-last_name
test-2849,B-last_name
test-2850,B-last_name
test-2851,B-last_name
test-2852,B-last_name
test-2853,B-last_name
test-2854,B-last_name
test-2855,B-last_name
test-2856,B-last_name
test-2857,B-last_name
test-2858,B-last_name
test-2859,B-last_name
test-2860,B-last_name
test-2861,B-last_name
test-2862,B-last_name
test-2863,B-last_name
test-2864,B-last_name
test-2865,B-last_name
test-2866,B-last_name
test-2867,B-last_name
test-2868,B-last_name
test-2869,B-last_name
test-2870,B-last_name
test-2871,B-last_name
test-2872,B-last_name
test-2873,B-last_name
test-2874,B-last_name
test-2875,B-last_name
test-2876,B-last_name
test-2877,B-last_name
test-2878,B-last_name
test-2879,B-last_name
test-2880,B-last_name
test-2881,B-last_name
test-2882,B-last_name
test-2883,B-last_name
test-2884,B-last_name
test-2885,B-last_name
test-2886,B-last_name
test-2887,B-last_name
test-2888,B-last_name
test-2889,B-last_name
test-2890,B-last_name
test-2891,B-last_name
test-2892,B-last_name
test-2893,B-last_name
test-2894,B-last_name
test-2895,B-last_name
test-2896,B-last_name
test-2897,B-last_name
test-2898,B-last_name
test-2899,B-last_name
test-2900,B-last_name
test-2901,B-last_name
test-2902,B-last_name
test-2903,B-last_name
test-2904,B-last_name
test-2905,B-last_name
test-2906,B-last_name
test-2907,B-last_name
test-2908,B-last_name
test-2909,B-last_name
test-2910,B-last_name
test-2911,B-last_name
test-2912,B-last_name
test-2913,B-last_name
test-2914,B-last_name
test-2915,B-last_name
test-2916,B-last_name
test-2917,B-last_name
test-2918,B-last_name
test-2919,B-last_name
test-2920,B-last_name
test-2921,B-last_name
test-2922,B-last_name
test-2923,B-last_name
test-2924,B-last_name
test-2925,B-last_name
test-2926,B-last_name
test-2927,B-last_name
test-2928,O
test-2929,B-last_name
test-2930,B-last_name
test-2931,B-last_name
test-2932,B-last_name
test-2933,B-last_name
test-2934,B-last_name
test-2935,B-last_name
test-2936,B-last_name
test-2937,B-last_name
test-2938,B-last_name
test-2939,B-last_name
test-2940,B-last_name
test-2941,B-last_name
test-2942,B-last_name
test-2943,B-last_name
test-2944,B-last_name
test-2945,O
test-2946,B-last_name
test-2947,B-last_name
test-2948,B-last_name
test-2949,B-last_name
test-2950,B-last_name
test-2951,B-last_name
test-2952,B-last_name
test-2953,B-last_name
test-2954,B-last_name
test-2955,B-last_name
test-2956,O
test-2957,B-last_name
test-2958,B-last_name
test-2959,B-last_name
test-2960,B-last_name
test-2961,B-last_name
test-2962,B-last_name
test-2963,B-last_name
test-2964,B-last_name
test-2965,B-last_name
test-2966,B-last_name
test-2967,B-last_name
test-2968,B-last_name
test-2969,B-last_name
test-2970,B-last_name
test-2971,B-last_name
test-2972,O
test-2973,O
test-2974,B-last_name
test-2975,B-last_name
test-2976,O
test-2977,O
test-2978,B-last_name
test-2979,B-last_name
test-2980,O
test-2981,B-last_name
test-2982,B-last_name
test-2983,B-last_name
test-2984,B-last_name
test-2985,B-last_name
test-2986,B-last_name
test-2987,B-last_name
test-2988,B-last_name
test-2989,B-last_name
test-2990,B-last_name
test-2991,B-last_name
test-2992,O
test-2993,O
test-2994,B-last_name
test-2995,B-last_name
test-2996,B-last_name
test-2997,B-last_name
test-2998,B-last_name
test-2999,B-last_name
test-3000,B-last_name
test-3001,B-last_name
test-3002,B-last_name
test-3003,B-last_name
test-3004,B-last_name
test-3005,B-last_name
test-3006,B-last_name
test-3007,B-last_name
test-3008,B-last_name
test-3009,B-last_name
test-3010,B-last_name
test-3011,B-last_name
test-3012,B-last_name
test-3013,B-last_name
test-3014,B-last_name
test-3015,B-last_name
test-3016,B-last_name
test-3017,B-last_name
test-3018,B-last_name
test-3019,B-last_name
test-3020,B-last_name
test-3021,B-last_name
test-3022,B-last_name
test-3023,B-last_name
test-3024,B-last_name
test-3025,B-last_name
test-3026,B-last_name
test-3027,B-last_name
test-3028,B-last_name
test-3029,O
test-3030,B-last_name
test-3031,B-last_name
test-3032,B-last_name
test-3033,B-last_name
test-3034,B-last_name
test-3035,B-last_name
test-3036,B-last_name
test-3037,B-last_name
test-3038,B-last_name
test-3039,B-last_name
test-3040,B-last_name
test-3041,B-last_name
test-3042,B-last_name
test-3043,B-last_name
test-3044,B-last_name
test-3045,B-last_name
test-3046,B-last_name
test-3047,B-last_name
test-3048,B-last_name
test-3049,B-last_name
test-3050,B-last_name
test-3051,B-last_name
test-3052,B-last_name
test-3053,B-last_name
test-3054,B-last_name
test-3055,B-last_name
test-3056,B-last_name
test-3057,B-last_name
test-3058,B-last_name
test-3059,O
test-3060,B-last_name
test-3061,B-last_name
test-3062,B-last_name
test-3063,B-last_name
test-3064,B-last_name
test-3065,B-last_name
test-3066,B-last_name
test-3067,B-last_name
test-3068,B-last_name
test-3069,O
test-3070,O
test-3071,B-last_name
test-3072,B-last_name
test-3073,B-last_name
test-3074,B-last_name
test-3075,B-last_name
test-3076,B-last_name
test-3077,B-last_name
test-3078,B-last_name
test-3079,B-last_name
test-3080,B-last_name
test-3081,B-last_name
test-3082,B-last_name
test-3083,B-last_name
test-3084,B-last_name
test-3085,B-last_name
test-3086,B-last_name
test-3087,B-last_name
test-3088,B-last_name
test-3089,B-last_name
test-3090,B-last_name
test-3091,B-last_name
test-3092,B-last_name
test-3093,O
test-3094,B-last_name
test-3095,B-last_name
test-3096,B-last_name
test-3097,B-last_name
test-3098,B-last_name
test-3099,B-last_name
test-3100,B-last_name
test-3101,B-last_name
test-3102,B-last_name
test-3103,B-last_name
test-3104,B-last_name
test-3105,B-last_name
test-3106,B-last_name
test-3107,B-last_name
test-3108,B-last_name
test-3109,B-last_name
test-3110,B-last_name
test-3111,B-last_name
test-3112,B-last_name
test-3113,B-last_name
test-3114,B-last_name
test-3115,B-last_name
test-3116,B-last_name
test-3117,B-last_name
test-3118,B-last_name
test-3119,B-last_name
test-3120,B-last_name
test-3121,B-last_name
test-3122,B-last_name
test-3123,B-last_name
test-3124,B-last_name
test-3125,B-last_name
test-3126,B-last_name
test-3127,B-last_name
test-3128,O
test-3129,B-last_name
test-3130,B-last_name
test-3131,B-last_name
test-3132,B-last_name
test-3133,B-last_name
test-3134,B-last_name
test-3135,B-last_name
test-3136,B-last_name
test-3137,B-last_name
test-3138,B-last_name
test-3139,B-last_name
test-3140,B-last_name
test-3141,B-last_name
test-3142,B-last_name
test-3143,B-last_name
test-3144,B-last_name
test-3145,B-last_name
test-3146,B-last_name
test-3147,B-last_name
test-3148,B-last_name
test-3149,B-last_name
test-3150,B-last_name
test-3151,B-last_name
test-3152,B-last_name
test-3153,B-last_name
test-3154,B-last_name
test-3155,B-last_name
test-3156,B-last_name
test-3157,B-last_name
test-3158,B-last_name
test-3159,B-last_name
test-3160,B-last_name
test-3161,O
test-3162,B-last_name
test-3163,B-last_name
test-3164,B-last_name
test-3165,B-last_name
test-3166,B-last_name
test-3167,B-last_name
test-3168,B-last_name
test-3169,B-last_name
test-3170,B-last_name
test-3171,B-last_name
test-3172,B-last_name
test-3173,B-last_name
test-3174,B-last_name
test-3175,B-last_name
test-3176,B-last_name
test-3177,B-last_name
test-3178,B-last_name
test-3179,B-last_name
test-3180,B-last_name
test-3181,B-last_name
test-3182,B-last_name
test-3183,B-last_name
test-3184,B-last_name
test-3185,B-last_name
test-3186,B-last_name
test-3187,B-last_name
test-3188,B-last_name
test-3189,B-last_name
test-3190,B-last_name
test-3191,B-last_name
test-3192,B-last_name
test-3193,B-last_name
test-3194,B-last_name
test-3195,B-last_name
test-3196,B-last_name
test-3197,B-last_name
test-3198,B-last_name
test-3199,B-last_name
test-3200,B-last_name
test-3201,B-last_name
test-3202,B-last_name
test-3203,B-last_name
test-3204,B-last_name
test-3205,B-last_name
test-3206,B-last_name
test-3207,B-last_name
test-3208,B-last_name
test-3209,B-last_name
test-3210,B-last_name
test-3211,B-last_name
test-3212,B-last_name
test-3213,B-last_name
test-3214,B-last_name
test-3215,B-last_name
test-3216,B-last_name
test-3217,B-last_name
test-3218,B-last_name
test-3219,B-last_name
test-3220,B-last_name
test-3221,B-last_name
test-3222,B-last_name
test-3223,B-last_name
test-3224,B-last_name
test-3225,O
test-3226,B-last_name
test-3227,B-last_name
test-3228,B-last_name
test-3229,B-last_name
test-3230,B-last_name
test-3231,B-last_name
test-3232,B-last_name
test-3233,O
test-3234,B-last_name
test-3235,B-last_name
test-3236,B-last_name
test-3237,B-last_name
test-3238,B-last_name
test-3239,B-last_name
test-3240,B-last_name
test-3241,B-last_name
test-3242,B-last_name
test-3243,B-last_name
test-3244,B-last_name
test-3245,B-last_name
test-3246,B-last_name
test-3247,B-last_name
test-3248,B-last_name
test-3249,B-last_name
test-3250,B-last_name
test-3251,B-last_name
test-3252,B-last_name
test-3253,B-last_name
test-3254,B-last_name
test-3255,B-last_name
test-3256,B-last_name
test-3257,B-last_name
test-3258,B-last_name
test-3259,B-last_name
test-3260,B-last_name
test-3261,B-last_name
test-3262,B-last_name
test-3263,B-last_name
test-3264,B-last_name
test-3265,B-last_name
test-3266,B-last_name
test-3267,B-last_name
test-3268,B-last_name
test-3269,B-last_name
test-3270,O
test-3271,B-last_name
test-3272,B-last_name
test-3273,B-last_name
test-3274,B-last_name
test-3275,B-last_name
test-3276,B-last_name
test-3277,B-last_name
test-3278,B-last_name
test-3279,B-last_name
test-3280,B-last_name
test-3281,B-last_name
test-3282,B-last_name
test-3283,B-last_name
test-3284,B-last_name
test-3285,B-last_name
test-3286,B-last_name
test-3287,B-last_name
test-3288,B-last_name
test-3289,B-last_name
test-3290,B-last_name
test-3291,B-last_name
test-3292,B-last_name
test-3293,B-last_name
test-3294,O
test-3295,B-last_name
test-3296,B-last_name
test-3297,B-last_name
test-3298,B-last_name
test-3299,B-last_name
test-3300,B-last_name
test-3301,B-last_name
test-3302,B-last_name
test-3303,B-last_name
test-3304,B-last_name
test-3305,B-last_name
test-3306,B-last_name
test-3307,B-last_name
test-3308,B-last_name
test-3309,B-last_name
test-3310,B-last_name
test-3311,B-last_name
test-3312,B-last_name
test-3313,B-last_name
test-3314,B-last_name
test-3315,B-last_name
test-3316,B-last_name
test-3317,B-last_name
test-3318,B-last_name
test-3319,B-last_name
test-3320,B-last_name
test-3321,B-last_name
test-3322,B-last_name
test-3323,B-last_name
test-3324,B-last_name
test-3325,B-last_name
test-3326,B-last_name
test-3327,B-last_name
test-3328,B-last_name
test-3329,B-last_name
test-3330,B-last_name
test-3331,B-last_name
test-3332,O
test-3333,B-last_name
test-3334,B-last_name
test-3335,B-last_name
test-3336,B-last_name
test-3337,B-last_name
test-3338,B-last_name
test-3339,B-last_name
test-3340,B-last_name
test-3341,B-last_name
test-3342,B-last_name
test-3343,B-last_name
test-3344,B-last_name
test-3345,B-last_name
test-3346,B-last_name
test-3347,O
test-3348,B-last_name
test-3349,B-last_name
test-3350,B-last_name
test-3351,B-last_name
test-3352,O
test-3353,B-last_name
test-3354,B-last_name
test-3355,B-last_name
test-3356,B-last_name
test-3357,B-last_name
test-3358,B-last_name
test-3359,B-last_name
test-3360,B-last_name
test-3361,B-last_name
test-3362,B-last_name
test-3363,O
test-3364,B-last_name
test-3365,B-last_name
test-3366,B-last_name
test-3367,B-last_name
test-3368,B-last_name
test-3369,B-last_name
test-3370,B-last_name
test-3371,B-last_name
test-3372,B-last_name
test-3373,O
test-3374,B-last_name
test-3375,B-last_name
test-3376,B-last_name
test-3377,B-last_name
test-3378,B-last_name
test-3379,B-last_name
test-3380,B-last_name
test-3381,B-last_name
test-3382,B-last_name
test-3383,B-last_name
test-3384,B-last_name
test-3385,B-last_name
test-3386,B-last_name
test-3387,B-last_name
test-3388,B-last_name
test-3389,B-last_name
test-3390,B-last_name
test-3391,B-last_name
test-3392,B-last_name
test-3393,B-last_name
test-3394,B-last_name
test-3395,O
test-3396,B-last_name
test-3397,B-last_name
test-3398,B-last_name
test-3399,B-last_name
test-3400,O
test-3401,B-last_name
test-3402,B-last_name
test-3403,B-last_name
test-3404,B-last_name
test-3405,B-last_name
test-3406,B-last_name
test-3407,B-last_name
test-3408,B-last_name
test-3409,B-last_name
test-3410,B-last_name
test-3411,B-last_name
test-3412,B-last_name
test-3413,B-last_name
test-3414,B-last_name
test-3415,O
test-3416,B-last_name
test-3417,B-time
test-3418,B-last_name
test-3419,B-last_name
test-3420,B-last_name
test-3421,B-last_name
test-3422,B-last_name
test-3423,B-last_name
test-3424,B-last_name
test-3425,B-last_name
test-3426,B-last_name
test-3427,B-last_name
test-3428,B-last_name
test-3429,B-last_name
test-3430,B-last_name
test-3431,B-last_name
test-3432,B-last_name
test-3433,B-last_name
test-3434,B-last_name
test-3435,B-last_name
test-3436,B-last_name
test-3437,B-last_name
test-3438,B-last_name
test-3439,B-last_name
test-3440,B-last_name
test-3441,B-last_name
test-3442,B-last_name
test-3443,B-last_name
test-3444,B-last_name
test-3445,B-last_name
test-3446,B-last_name
test-3447,B-last_name
test-3448,B-last_name
test-3449,B-last_name
test-3450,B-last_name
test-3451,B-last_name
test-3452,B-last_name
test-3453,B-last_name
test-3454,B-last_name
test-3455,B-last_name
test-3456,B-last_name
test-3457,B-last_name
test-3458,B-last_name
test-3459,B-last_name
test-3460,B-last_name
test-3461,B-last_name
test-3462,O
test-3463,B-last_name
test-3464,B-last_name
test-3465,B-last_name
test-3466,B-last_name
test-3467,B-last_name
test-3468,B-last_name
test-3469,B-last_name
test-3470,B-last_name
test-3471,B-last_name
test-3472,B-last_name
test-3473,B-last_name
test-3474,B-last_name
test-3475,B-last_name
test-3476,B-last_name
test-3477,B-last_name
test-3478,B-last_name
test-3479,B-last_name
test-3480,B-last_name
test-3481,B-last_name
test-3482,B-last_name
test-3483,B-last_name
test-3484,B-last_name
test-3485,B-last_name
test-3486,B-last_name
test-3487,B-last_name
test-3488,B-last_name
test-3489,B-last_name
test-3490,B-last_name
test-3491,B-last_name
test-3492,B-last_name
test-3493,B-last_name
test-3494,B-last_name
test-3495,B-last_name
test-3496,B-last_name
test-3497,O
test-3498,B-last_name
test-3499,B-last_name
test-3500,B-last_name
test-3501,B-last_name
test-3502,B-last_name
test-3503,B-last_name
test-3504,B-last_name
test-3505,O
test-3506,B-last_name
test-3507,B-last_name
test-3508,B-last_name
test-3509,O
test-3510,B-last_name
test-3511,B-last_name
test-3512,B-last_name
test-3513,B-last_name
test-3514,B-last_name
test-3515,B-last_name
test-3516,B-last_name
test-3517,B-last_name
test-3518,B-last_name
test-3519,B-last_name
test-3520,B-last_name
test-3521,B-last_name
test-3522,B-last_name
test-3523,B-last_name
test-3524,B-last_name
test-3525,B-last_name
test-3526,B-last_name
test-3527,B-last_name
test-3528,B-last_name
test-3529,B-last_name
test-3530,B-last_name
test-3531,B-last_name
test-3532,B-last_name
test-3533,B-last_name
test-3534,B-last_name
test-3535,B-last_name
test-3536,B-last_name
test-3537,B-last_name
test-3538,B-last_name
test-3539,B-last_name
test-3540,B-last_name
test-3541,B-last_name
test-3542,B-last_name
test-3543,B-last_name
test-3544,O
test-3545,B-last_name
test-3546,B-last_name
test-3547,B-last_name
test-3548,B-last_name
test-3549,B-last_name
test-3550,B-last_name
test-3551,B-last_name
test-3552,O
test-3553,B-last_name
test-3554,O
test-3555,B-last_name
test-3556,B-last_name
test-3557,B-last_name
test-3558,B-last_name
test-3559,B-last_name
test-3560,O
test-3561,B-last_name
test-3562,B-last_name
test-3563,O
test-3564,B-last_name
test-3565,B-last_name
test-3566,O
test-3567,B-last_name
test-3568,B-last_name
test-3569,B-last_name
test-3570,B-last_name
test-3571,B-last_name
test-3572,B-last_name
test-3573,B-last_name
test-3574,B-last_name
test-3575,B-last_name
test-3576,B-last_name
test-3577,B-last_name
test-3578,B-last_name
test-3579,O
test-3580,B-last_name
test-3581,B-last_name
test-3582,B-last_name
test-3583,B-last_name
test-3584,B-last_name
test-3585,B-last_name
test-3586,B-last_name
test-3587,B-last_name
test-3588,B-last_name
test-3589,O
test-3590,B-last_name
test-3591,B-last_name
test-3592,B-last_name
test-3593,B-last_name
test-3594,B-last_name
test-3595,B-last_name
test-3596,B-last_name
test-3597,B-last_name
test-3598,B-last_name
test-3599,B-last_name
test-3600,O
test-3601,B-last_name
test-3602,B-last_name
test-3603,B-last_name
test-3604,B-last_name
test-3605,B-last_name
test-3606,B-last_name
test-3607,O
test-3608,B-last_name
test-3609,B-last_name
test-3610,B-last_name
test-3611,B-last_name
test-3612,B-last_name
test-3613,B-last_name
test-3614,B-last_name
test-3615,B-last_name
test-3616,B-last_name
test-3617,B-last_name
test-3618,B-last_name
test-3619,B-last_name
test-3620,B-last_name
test-3621,B-last_name
test-3622,B-last_name
test-3623,B-last_name
test-3624,B-last_name
test-3625,B-last_name
test-3626,B-last_name
test-3627,B-last_name
test-3628,B-last_name
test-3629,B-last_name
test-3630,B-last_name
test-3631,B-last_name
test-3632,B-last_name
test-3633,O
test-3634,B-last_name
test-3635,B-last_name
test-3636,B-last_name
test-3637,B-last_name
test-3638,O
test-3639,B-last_name
test-3640,B-last_name
test-3641,B-last_name
test-3642,B-last_name
test-3643,B-last_name
test-3644,B-last_name
test-3645,B-last_name
test-3646,B-last_name
test-3647,B-last_name
test-3648,O
test-3649,B-last_name
test-3650,B-last_name
test-3651,B-last_name
test-3652,B-last_name
test-3653,B-last_name
test-3654,B-last_name
test-3655,B-last_name
test-3656,B-last_name
test-3657,O
test-3658,B-last_name
test-3659,O
test-3660,B-last_name
test-3661,B-last_name
test-3662,B-last_name
test-3663,B-last_name
test-3664,B-last_name
test-3665,B-last_name
test-3666,B-last_name
test-3667,B-last_name
test-3668,B-last_name
test-3669,B-last_name
test-3670,B-last_name
test-3671,B-last_name
test-3672,B-last_name
test-3673,B-last_name
test-3674,B-last_name
test-3675,O
test-3676,B-last_name
test-3677,B-last_name
test-3678,B-last_name
test-3679,B-last_name
test-3680,B-last_name
test-3681,B-last_name
test-3682,B-last_name
test-3683,B-last_name
test-3684,B-last_name
test-3685,B-last_name
test-3686,O
test-3687,B-last_name
test-3688,B-last_name
test-3689,B-last_name
test-3690,B-last_name
test-3691,B-last_name
test-3692,B-last_name
test-3693,B-last_name
test-3694,B-last_name
test-3695,B-last_name
test-3696,B-last_name
test-3697,B-last_name
test-3698,B-last_name
test-3699,B-last_name
test-3700,B-last_name
test-3701,B-last_name
test-3702,B-last_name
test-3703,B-last_name
test-3704,B-last_name
test-3705,B-last_name
test-3706,B-last_name
test-3707,B-last_name
test-3708,B-last_name
test-3709,B-last_name
test-3710,B-last_name
test-3711,B-last_name
test-3712,O
test-3713,B-last_name
test-3714,O
test-3715,B-last_name
test-3716,O
test-3717,B-last_name
test-3718,O
test-3719,O
test-3720,O
test-3721,B-date
test-3722,O
test-3723,O
test-3724,O
test-3725,B-last_name
test-3726,B-time
test-3727,O
test-3728,I-time
test-3729,O
test-3730,O
